Species,Genus,Sp,uvrA,mutT,mutY,mutL,mutS,mutH,dnaQ,ung,mutM,uvrD,nfi,totalGC,totalAT,CT,CA,CG,TC,TG,TA,GA,GT,GC,AG,AC,AT,C,G,A,T,Strains,Wattersons_correction,rateCT,rateCA,rateCG,rateTC,rateTG,rateTA,Overall_Rate,Wattersons_Corrected_Overall_Rate
Acetobacter pasteurianus,Acetobacter,pasteurianus,1,1,1,1,1,0,1,0,1,1,0,231132,161132,14629,3296,3399,13319,4467,3348,11830,4264,3459,10509,3462,3352,90443,99812,47060,75615,11,2.92897,0.114475711,0.032708582,0.029671357,0.147878758,0.049208103,0.041580816,0.202246446,0.069050365
Achromobacter xylosoxidans,Achromobacter,xylosoxidans,1,1,1,1,1,0,1,1,1,1,0,945781,46854,13048,3807,51054,10958,4130,501,7378,4014,51054,6129,4116,472,422021,393405,7632,12916,3,1.5,0.021596966,0.008269356,0.107961568,0.364686046,0.175993512,0.020766637,0.157823369,0.105215579
Acidiphilium cryptum,Acidiphilium,cryptum,1,1,1,1,1,0,1,0,1,1,0,585240,50928,0,0,0,0,0,0,0,0,0,0,0,0,311973,273267,21961,28967,1,0,0,0,0,0,0,0,0,#DIV/0!
Acidithiobacillus caldus,Acidithiobacillus,caldus,1,1,1,1,1,0,1,0,1,1,0,327026,84670,1188,341,936,1207,440,178,865,419,952,852,327,202,180660,141665,31948,49516,2,1,0.006277788,0.002323974,0.005773241,0.02431794,0.009058698,0.004488012,0.019205919,0.019205919
Acidithiobacillus ferrooxidans,Acidithiobacillus,ferrooxidans,1,1,1,1,1,0,1,0,1,1,0,324786,98988,132,56,73,159,45,28,120,45,68,131,41,36,171009,153283,40500,58048,2,1,0.000775896,0.000310974,0.000434132,0.002929648,0.000868792,0.000646543,0.002204005,0.002204005
Acidovorax avenae,Acidovorax,avenae,1,1,1,1,1,0,1,1,1,1,0,714736,52544,0,0,0,0,0,0,0,0,0,0,0,0,375744,338992,24987,27557,1,0,0,0,0,0,0,0,0,#DIV/0!
Acidovorax citrulli,Acidovorax,citrulli,1,1,1,1,1,0,1,1,1,1,0,722044,47352,0,0,0,0,0,0,0,0,0,0,0,0,379199,342845,22059,25293,1,0,0,0,0,0,0,0,0,#DIV/0!
Acinetobacter baumannii,Acinetobacter,baumannii,1,1,1,1,1,0,1,1,1,1,0,85965,217707,16361,3599,2093,15774,6188,9848,12589,4742,2002,10868,4448,9428,23518,21061,61686,99467,2,1,0.336764962,0.09702786,0.047635666,0.122375486,0.048854653,0.088541021,0.322519034,0.322519034
Acinetobacter oleivorans,Acinetobacter,oleivorans,1,1,1,1,1,0,1,1,1,1,0,141425,345211,0,0,0,0,0,0,0,0,0,0,0,0,75215,66210,140480,204731,2,1,0,0,0,0,0,0,0,0
Acinetobacter pittii,Acinetobacter,pittii,1,1,1,1,1,0,1,1,1,1,0,127192,307708,8138,2527,1610,8151,3171,4972,6543,3319,1596,6436,2569,4773,54915,48544,110758,166878,2,1,0.115423926,0.04596201,0.025205988,0.047405332,0.018654049,0.031669635,0.123718096,0.123718096
Actinobacillus pleuropneumoniae,Actinobacillus,pleuropneumoniae,1,1,1,1,1,1,1,1,1,1,0,120604,126005,3977,1080,814,3318,1246,1270,3951,1468,800,3061,866,1200,46702,61812,45348,69696,4,1.83333,0.065735796,0.021126994,0.013382641,0.050624975,0.01676124,0.019602397,0.093471852,0.050984739
Aerococcus urinae,Aerococcus,urinae,1,1,1,1,1,0,1,1,0,1,0,105249,104334,9426,2339,2535,9407,2652,2518,3937,2732,2656,4067,2274,2500,52638,28986,29040,51876,2,1,0.126965577,0.04818098,0.049321134,0.129142945,0.047213756,0.048095539,0.224459999,0.224459999
Aeromonas hydrophila,Aeromonas,hydrophila,1,1,1,1,1,1,1,1,1,1,0,513021,64038,38170,8347,34479,21612,4245,917,17278,8554,39250,7578,3217,826,204157,162786,8273,17370,1,0,0.108081346,0.032944071,0.143715364,0.455823105,0.116524564,0.027218214,0.319677884,#DIV/0!
Aeromonas salmonicida,Aeromonas,salmonicida,1,1,1,1,1,1,1,1,1,1,0,518934,129797,0,0,0,0,0,0,0,0,0,0,0,0,289826,229108,46912,82885,1,0,0,0,0,0,0,0,0,#DIV/0!
Aeromonas veronii,Aeromonas,veronii,1,1,1,1,1,1,1,1,1,1,0,527055,119448,0,0,0,0,0,0,0,0,0,0,0,0,291703,235352,39221,80227,1,0,0,0,0,0,0,0,0,#DIV/0!
Aggregatibacter actinomycetemcomitans,Aggregatibacter,actinomycetemcomitans,1,1,1,1,1,1,1,1,1,1,0,126207,74576,3114,542,636,2810,551,281,2463,634,598,2209,472,282,60927,57293,25661,42310,3,1.5,0.044189308,0.009318025,0.009777588,0.067300472,0.01371755,0.007549346,0.072675476,0.048450317
Aggregatibacter aphrophilus,Aggregatibacter,aphrophilus,1,1,1,1,1,1,1,1,1,1,0,130917,121708,5754,1310,1227,5874,1467,1180,4468,1464,1207,4286,1312,1197,61776,53711,41685,64707,3,1.5,0.078080005,0.021188998,0.018591932,0.083478489,0.022833339,0.019530351,0.121706086,0.081137391
Agrobacterium fabrum,Agrobacterium,fabrum,1,1,1,1,1,0,1,1,1,1,0,653486,179738,0,0,0,0,0,0,0,0,0,0,0,0,369188,284298,59464,120274,1,0,0,0,0,0,0,0,0,#DIV/0!
Alcanivorax borkumensis,Alcanivorax,borkumensis,1,1,1,1,1,0,1,1,1,1,0,303014,144624,0,0,0,0,0,0,0,0,0,0,0,0,157385,145629,55844,88780,1,0,0,0,0,0,0,0,0,#DIV/0!
Alicycliphilus denitrificans,Alicycliphilus,denitrificans,1,1,1,1,1,0,1,1,1,1,0,720588,45245,1935,759,3428,2006,764,152,1499,725,3591,1489,900,150,378782,329869,18757,21027,2,1,0.004765553,0.002059429,0.009740656,0.077246105,0.036777544,0.006674771,0.022717747,0.022717747
Alicyclobacillus acidocaldarius,Alicyclobacillus,acidocaldarius,1,1,1,1,1,0,1,0,1,1,0,372608,68652,10432,3889,17548,9935,4899,1173,9967,4940,17655,9224,3839,1195,144235,163942,17232,21155,2,1,0.054746543,0.023695143,0.094477306,0.279074171,0.127279613,0.034492804,0.214603635,0.214603635
Aliivibrio salmonicida,Aliivibrio,salmonicida,1,1,1,1,1,1,1,1,1,1,0,131091,284834,0,0,0,0,0,0,0,0,0,0,0,0,63277,67814,116062,168772,1,0,0,0,0,0,0,0,0,#DIV/0!
Alteromonas mediterranea,Alteromonas,mediterranea,1,1,1,1,1,1,1,1,1,1,0,203307,259694,5576,2044,1583,5510,2660,4082,4491,2821,1645,4080,1983,3869,95744,89403,100373,137137,8,2.59286,0.049516249,0.023929329,0.015877466,0.036928077,0.017878734,0.030616803,0.087135881,0.033606088
Amycolatopsis mediterranei,Amycolatopsis,mediterranei,1,1,1,0,0,0,1,1,1,1,0,1851121,108095,42,15,70,15,10,8,45,11,66,27,13,3,938944,911928,44803,63216,4,1.83333,4.69985E-05,1.40455E-05,7.3469E-05,0.000388547,0.000212776,0.000101762,0.000165883,9.04816E-05
Anaplasma centrale,Anaplasma,centrale,1,0,1,1,1,0,1,0,1,1,0,78198,70389,0,0,0,0,0,0,0,0,0,0,0,0,35468,42730,31581,38808,2,1,0,0,0,0,0,0,0,0
Anaplasma marginale,Anaplasma,marginale,1,0,1,1,1,0,1,0,1,1,0,81163,74358,442,83,38,434,93,30,475,79,40,471,64,41,36754,43252,33054,40171,2,1,0.011298252,0.001995983,0.000961029,0.012170849,0.002111407,0.00095484,0.0147247,0.0147247
Anaplasma phagocytophilum,Anaplasma,phagocytophilum,1,0,1,1,1,0,1,0,1,1,0,48134,94028,75,22,10,71,53,28,62,62,19,59,18,49,18813,29071,38125,55625,3,1.5,0.002846221,0.001745128,0.000602485,0.001382567,0.000755094,0.000818905,0.003714073,0.002476048
Anoxybacillus flavithermus,Anoxybacillus,flavithermus,1,1,1,1,1,0,1,1,1,1,0,138905,165383,0,0,0,0,0,0,0,0,0,0,0,0,54408,84497,88128,77255,1,0,0,0,0,0,0,0,0,#DIV/0!
Arcobacter butzleri,Arcobacter,butzleri,1,1,1,0,1,0,1,1,0,1,0,8290,188522,730,248,65,1615,795,3575,1600,401,100,3244,530,3534,1845,3301,86029,89200,3,1.5,0.28106152,0.078287093,0.019903498,0.02577418,0.007028357,0.037709127,0.083516249,0.055677499
Azospirillum brasilense,Azospirillum,brasilense,1,1,1,1,1,0,1,0,1,1,0,982775,63490,15208,3254,25186,14589,5512,531,7378,5521,25116,6886,3105,562,476294,424818,9510,22795,2,1,0.022981863,0.008928799,0.051183638,0.338242243,0.135722161,0.017215309,0.107857952,0.107857952
Azospirillum lipoferum,Azospirillum,lipoferum,1,1,1,1,1,0,1,0,1,1,0,966824,70804,0,0,0,0,0,0,0,0,0,0,0,0,515552,451272,25040,45764,1,0,0,0,0,0,0,0,0,#DIV/0!
Azotobacter vinelandii,Azotobacter,vinelandii,1,1,1,1,1,0,1,1,1,1,1,772595,83931,0,0,0,0,0,0,0,0,0,0,0,0,430943,341652,32888,51043,3,1.5,0,0,0,0,0,0,0,0
Bacillus amyloliquefaciens,Bacillus,amyloliquefaciens,1,1,1,1,1,0,1,1,1,1,0,262116,161413,17397,6282,5456,9629,5038,4179,17697,7673,5839,10225,4165,4086,88156,113616,58190,65901,15,3.25156,0.133887287,0.053239787,0.043091608,0.123001245,0.057015234,0.051204054,0.230600502,0.070919959
Bacillus anthracis,Bacillus,anthracis,1,1,1,1,1,0,1,1,1,1,0,104079,320297,400,338,125,466,528,1424,822,548,140,966,422,1502,35354,66352,167723,147266,2,1,0.011741081,0.008512764,0.002546143,0.00447085,0.002965997,0.009135271,0.018099516,0.018099516
Bacillus atrophaeus,Bacillus,atrophaeus,1,1,1,1,1,0,1,1,1,1,0,249382,249568,2,0,1,1,2,0,0,2,1,1,0,2,114301,135075,121379,128183,15,3.25156,8.01983E-06,8.01983E-06,8.01983E-06,8.01385E-06,8.01385E-06,8.01385E-06,2.40505E-05,7.39661E-06
Bacillus cereus,Bacillus,cereus,1,1,1,1,1,0,1,1,1,1,0,85728,299067,12181,2610,719,18629,9115,11875,26004,4564,1022,33208,6527,11200,12430,26198,110671,97842,2,1,0.445420399,0.083683277,0.020308417,0.173329053,0.052302661,0.077156624,0.357733339,0.357733339
Bacillus clausii,Bacillus,clausii,1,1,1,1,1,0,1,1,1,1,0,257795,263352,1163,428,392,1205,413,412,1221,451,388,1170,390,379,127598,126154,126854,132529,2,1,0.009247658,0.003409686,0.00302566,0.009018348,0.003049151,0.003003585,0.015373781,0.015373781
Bacillus coagulans,Bacillus,coagulans,1,1,1,1,1,0,1,1,1,1,0,213402,109242,7585,2182,2206,7874,2056,1174,8576,2216,2348,8417,1793,1224,84760,103529,40895,45809,5,2.08333,0.075730312,0.020608991,0.021340006,0.149127625,0.035233701,0.021951264,0.147689094,0.070890878
Bacillus licheniformis,Bacillus,licheniformis,1,1,1,1,1,0,1,1,1,1,0,302417,211095,433,275,197,416,215,242,539,249,192,467,254,252,142871,157661,102071,107178,2,1,0.003214105,0.001732707,0.001286303,0.004182951,0.002221749,0.002340179,0.007265653,0.007265653
Bacillus megaterium,Bacillus,megaterium,1,1,1,1,1,0,1,1,1,1,1,157209,335050,12794,3734,2977,11933,6182,3421,17458,4907,3437,15996,5419,3322,45383,66519,145863,142914,5,2.08333,0.192431731,0.054965047,0.040799191,0.083357708,0.034624683,0.020125354,0.186040276,0.089299475
Bacillus pumilus,Bacillus,pumilus,1,1,1,1,1,0,1,1,1,1,0,168341,242252,19708,8341,7949,17683,9321,13274,24988,8917,8035,22404,8716,13285,41824,48579,83666,73903,9,2.71786,0.2655087,0.102518103,0.094950131,0.165476446,0.074455526,0.10963377,0.396063742,0.145726322
Bacillus subtilis,Bacillus,subtilis,1,1,1,1,1,0,1,1,1,1,1,129550,116007,14558,8264,9381,15700,12648,7732,16945,12273,10139,17938,8877,7508,23201,34789,20917,24687,15,3.25156,0.24317252,0.158525666,0.150675415,0.289965261,0.185549148,0.131371383,0.578126464,0.177799722
Bacillus thuringiensis,Bacillus,thuringiensis,1,1,1,1,1,0,1,1,1,1,0,144970,429464,0,0,0,0,0,0,0,0,0,0,0,0,55273,89697,229701,199763,1,0,0,0,0,0,0,0,0,#DIV/0!
Bacillus velezensis,Bacillus,velezensis,1,1,1,1,1,0,1,1,1,1,1,258070,161554,12091,3965,3092,5296,2715,2443,11889,4381,3291,6107,2295,2413,97073,122288,65949,74336,15,3.25156,0.092920525,0.032340063,0.024733599,0.070583211,0.031011303,0.030058061,0.142932721,0.043958199
Bacillus weihenstephanensis,Bacillus,weihenstephanensis,1,1,1,1,1,0,1,1,1,1,0,132387,402564,2201,1125,424,2293,1532,2731,3981,1497,371,4131,1046,2827,42033,80755,204879,183125,2,1,0.046696428,0.01980557,0.006005121,0.015957711,0.006403951,0.0138065,0.045161146,0.045161146
Bacteroides fragilis,Bacteroides,fragilis,1,1,1,1,1,0,1,1,0,1,0,265288,290986,4567,930,526,3167,987,1314,4023,933,515,2586,834,1232,122171,131623,126341,154525,5,2.08333,0.032379904,0.007022557,0.003924037,0.019770711,0.006258033,0.008749562,0.038854953,0.018650407
Bacteroides thetaiotaomicron,Bacteroides,thetaiotaomicron,1,1,1,1,1,0,1,1,1,1,0,321989,382354,3553,1054,754,3543,1107,1679,2893,1140,731,2996,1091,1538,148550,163314,167375,203025,2,1,0.020019317,0.006813897,0.004611959,0.017101953,0.005748599,0.008413669,0.031346943,0.031346943
Bartonella bacilliformis,Bartonella,bacilliformis,1,1,1,1,1,0,1,0,1,1,0,45944,122930,0,0,0,0,0,0,0,0,0,0,0,0,23570,22374,46934,75996,2,1,0,0,0,0,0,0,0,0
Bartonella clarridgeiae,Bartonella,clarridgeiae,1,1,1,1,1,0,1,0,1,1,0,36467,125615,0,0,0,0,0,0,0,0,0,0,0,0,18972,17495,48923,76692,2,1,0,0,0,0,0,0,0,0
Bartonella grahamii,Bartonella,grahamii,1,1,1,1,1,0,1,0,1,1,0,62662,154519,0,0,0,0,0,0,0,0,0,0,0,0,32889,29773,60146,94373,2,1,0,0,0,0,0,0,0,0
Bartonella henselae,Bartonella,henselae,1,1,1,1,1,0,1,0,1,1,0,55137,138872,556,110,67,545,166,152,510,157,59,532,127,161,28507,25171,52926,84263,2,1,0.01933366,0.004842483,0.002285217,0.007755343,0.002109857,0.002253874,0.016195125,0.016195125
Bartonella quintana,Bartonella,quintana,1,1,1,1,1,0,1,0,1,1,0,50000,119357,749,124,100,720,151,42,694,138,116,653,118,46,25319,22760,45212,72415,2,1,0.02886,0.00524,0.00432,0.011503305,0.002253743,0.000737284,0.021558011,0.021558011
Bartonella tribocorum,Bartonella,tribocorum,1,1,1,1,1,0,1,0,1,1,0,81193,172001,82,20,25,61,44,26,55,27,26,50,24,23,42539,38419,65860,105913,2,1,0.001687338,0.000578868,0.000628133,0.000645345,0.000395347,0.000284882,0.001828637,0.001828637
Bifidobacterium adolescentis,Bifidobacterium,adolescentis,1,1,1,0,0,0,1,1,0,1,0,232485,53635,3958,1163,2306,2731,811,302,2097,984,2133,1517,860,312,123436,96408,18716,28386,1,0,0.026044691,0.009235004,0.019093705,0.079202014,0.031155029,0.011447749,0.06701384,#DIV/0!
Bifidobacterium animalis,Bifidobacterium,animalis,1,1,1,0,0,0,1,1,0,1,0,206065,44133,4443,1096,2148,3876,880,263,3745,857,2281,3285,1131,291,102886,88609,16212,18195,16,3.31823,0.039735035,0.009477592,0.021493218,0.162259534,0.045566809,0.012552965,0.097107091,0.029264726
Bifidobacterium bifidum,Bifidobacterium,bifidum,1,1,1,0,0,0,1,1,0,1,0,260502,41549,3092,441,292,1065,218,28,1855,429,308,735,230,47,138952,115133,17184,22042,5,2.08333,0.018990257,0.003339706,0.002303245,0.043322342,0.01078245,0.001805098,0.028935511,0.013889067
Bifidobacterium breve,Bifidobacterium,breve,1,1,1,0,0,0,1,1,0,1,0,218779,66903,7174,1246,1670,4935,959,395,3426,1122,1835,2181,937,326,120001,82305,19918,37252,16,3.31823,0.04845072,0.010823708,0.016020733,0.106362943,0.028339536,0.010776796,0.091731366,0.027644668
Bifidobacterium dentium,Bifidobacterium,dentium,1,1,1,0,0,0,1,1,0,1,0,312108,93039,3,4,10,3,0,1,3,1,15,3,3,0,175300,136772,39960,53069,1,0,1.92241E-05,1.60201E-05,8.01005E-05,6.44891E-05,3.22445E-05,1.07482E-05,0.000113539,#DIV/0!
Bifidobacterium longum,Bifidobacterium,longum,1,1,1,0,0,0,1,1,0,1,0,205896,48498,10357,2112,4177,7733,1398,417,4611,1645,3563,3381,1272,359,107524,71907,12594,21344,16,3.31823,0.072696896,0.018247076,0.037591794,0.229164089,0.055053817,0.01600066,0.161265596,0.048599885
Bordetella avium,Bordetella,avium,1,1,1,1,1,0,1,1,1,1,0,433589,95533,0,0,0,0,0,0,0,0,0,0,0,0,236484,197105,30486,65047,4,1.83333,0,0,0,0,0,0,0,0
Bordetella bronchiseptica,Bordetella,bronchiseptica,1,1,1,1,1,0,1,1,1,1,0,860126,46310,4797,1332,7421,3549,969,168,3578,1281,7191,2721,1023,164,433700,400826,16521,21195,51,4.49921,0.009736946,0.003037927,0.016988209,0.135391924,0.043014468,0.007169078,0.037723568,0.008384487
Borrelia burgdorferi,Borrelia,burgdorferi,1,0,1,1,1,0,0,1,0,1,0,14951,71180,546,64,8,657,83,45,322,76,11,371,55,51,7768,6156,29249,40669,2,1,0.058056317,0.009363922,0.001270818,0.014442259,0.001938747,0.001348693,0.026575797,0.026575797
Borrelia duttonii,Borrelia,duttonii,1,0,1,1,1,0,0,1,0,1,0,13430,88327,0,0,0,0,0,0,0,0,0,0,0,0,6745,6685,37809,50518,1,0,0,0,0,0,0,0,0,#DIV/0!
Borrelia turicatae,Borrelia,turicatae,1,0,1,1,1,0,0,1,0,1,0,14474,76133,0,0,0,0,0,0,0,0,0,0,0,0,7539,6935,32220,43913,1,0,0,0,0,0,0,0,0,#DIV/0!
Borreliella bavariensis,Borreliella,bavariensis,1,0,1,1,1,0,0,1,0,1,0,15268,76748,0,0,0,0,0,0,0,0,0,0,0,0,8616,6652,32420,44328,2,1,0,0,0,0,0,0,0,0
Borreliella bissettii,Borreliella,bissettii,1,0,1,1,1,0,0,1,0,1,0,19732,88062,0,0,0,0,0,0,0,0,0,0,0,0,11004,8728,38006,50056,2,1,0,0,0,0,0,0,0,0
Brachyspira hyodysenteriae,Brachyspira,hyodysenteriae,1,1,1,1,1,0,0,0,1,1,0,21587,220678,0,0,0,0,0,0,0,0,0,0,0,0,13595,7992,90838,129840,1,0,0,0,0,0,0,0,0,#DIV/0!
Brachyspira intermedia,Brachyspira,intermedia,1,1,1,1,1,0,0,0,1,1,0,22986,219614,0,0,0,0,0,0,0,0,0,0,0,0,14290,8696,88867,130747,1,0,0,0,0,0,0,0,0,#DIV/0!
Brachyspira pilosicoli,Brachyspira,pilosicoli,1,1,1,1,1,0,0,0,1,1,0,18554,176036,1254,626,74,1404,624,1954,946,552,50,1061,579,1715,8554,6498,63612,105087,3,1.5,0.118572814,0.063490352,0.006683195,0.014002818,0.006833829,0.020842328,0.055701732,0.037134488
Bradyrhizobium diazoefficiens,Bradyrhizobium,diazoefficiens,1,1,1,1,1,0,1,0,1,1,0,1035976,138190,6226,2058,7966,6209,2056,506,4285,2039,8302,4295,2139,540,558211,446889,52865,69580,2,1,0.010145988,0.003954725,0.015703066,0.076011289,0.030356755,0.007569289,0.039705629,0.039705629
Bradyrhizobium japonicum,Bradyrhizobium,japonicum,1,1,1,1,1,0,1,0,1,1,0,1238157,186983,81,60,135,116,51,11,46,47,159,72,91,25,685423,552206,80572,106045,2,1,0.000102572,8.64188E-05,0.00023745,0.001005439,0.000759427,0.000192531,0.000627307,0.000627307
Brucella abortus,Brucella,abortus,1,1,1,1,1,0,1,0,1,1,0,356848,121275,444,174,310,258,183,59,289,206,360,174,112,49,194563,160502,41204,79236,2,1,0.002054096,0.001064879,0.00187755,0.003562152,0.002432488,0.000890538,0.005475578,0.005475578
Burkholderia ambifaria,Burkholderia,ambifaria,1,1,1,1,1,0,1,1,1,1,0,1037271,81241,8377,2754,13204,8393,2489,445,8828,3105,13545,8648,2028,478,450424,537034,26076,32684,2,1,0.016586794,0.005648476,0.025787861,0.209758619,0.055600005,0.011361258,0.064634085,0.064634085
Burkholderia cenocepacia,Burkholderia,cenocepacia,1,1,1,1,1,0,1,1,1,1,0,789815,36593,35516,6540,71050,10402,2277,477,35011,8353,71935,7262,1630,380,249114,312296,5892,8273,2,1,0.089295595,0.018856314,0.181036065,0.482715273,0.106769054,0.02341978,0.303521989,0.303521989
Burkholderia gladioli,Burkholderia,gladioli,1,1,1,1,1,0,1,1,1,1,0,1179097,68217,6139,1889,8168,5948,1834,350,4659,1996,8052,4650,1775,331,577839,570355,21313,32016,2,1,0.009157856,0.003294894,0.01375629,0.155357169,0.052904701,0.009982849,0.036711686,0.036711686
Burkholderia glumae,Burkholderia,glumae,1,1,1,1,1,0,1,1,1,1,0,873523,44317,9593,2525,33312,9951,2959,349,6383,2687,29656,8371,2645,332,385074,404293,8332,11378,3,1.5,0.018289158,0.005966643,0.072085108,0.413430512,0.126452603,0.015366564,0.118498867,0.078999245
Burkholderia lata,Burkholderia,lata,1,1,1,1,1,0,1,1,1,1,0,1231997,116974,0,0,0,0,0,0,0,0,0,0,0,0,563290,668707,54095,62879,2,1,0,0,0,0,0,0,0,0
Burkholderia mallei,Burkholderia,mallei,1,1,1,1,1,0,1,1,1,1,0,627087,36367,366,139,2316,154,141,14,343,140,2217,202,141,11,289666,331900,16458,19246,11,2.92897,0.001130625,0.000444914,0.007228662,0.009789095,0.007754283,0.000687436,0.009320918,0.003182319
Burkholderia multivorans,Burkholderia,multivorans,1,1,1,1,1,0,1,1,1,1,0,933150,63283,11967,2526,17047,6841,1769,383,13293,2753,16751,7129,1477,344,398685,470128,20319,25021,2,1,0.027069603,0.005657183,0.036219257,0.220754389,0.051293396,0.011488077,0.082574543,0.082574543
Burkholderia pseudomallei,Burkholderia,pseudomallei,1,1,1,1,1,0,1,1,1,1,0,839964,46731,10352,1638,6158,1776,682,163,11177,1847,6421,1826,553,119,371867,430504,19265,22347,11,2.92897,0.02563086,0.004148987,0.014975642,0.077079455,0.026427853,0.006034538,0.048169889,0.016446017
Burkholderia thailandensis,Burkholderia,thailandensis,1,1,1,1,1,0,1,1,1,1,0,817457,50154,10618,2867,18980,10002,3419,393,11023,3468,19602,9417,2654,393,346355,404544,10650,13226,11,2.92897,0.026473564,0.007749643,0.04719759,0.387187463,0.121087052,0.015671731,0.107001871,0.036532252
Burkholderia vietnamiensis,Burkholderia,vietnamiensis,1,1,1,1,1,0,1,1,1,1,0,982955,74070,2470,839,4099,2454,1087,236,2540,999,4159,2694,947,191,446626,521223,30691,35770,2,1,0.005096876,0.001869872,0.008401198,0.069501823,0.02746051,0.005764817,0.021489558,0.021489558
Caldicellulosiruptor hydrothermalis,Caldicellulosiruptor,hydrothermalis,1,1,1,1,1,0,1,0,0,1,0,68657,201471,0,0,0,0,0,0,0,0,0,0,0,0,31844,36813,98462,103009,1,0,0,0,0,0,0,0,0,#DIV/0!
Caldicellulosiruptor kristjanssonii,Caldicellulosiruptor,kristjanssonii,1,1,1,1,1,0,1,0,0,1,0,68575,195343,0,0,0,0,0,0,0,0,0,0,0,0,31588,36987,95358,99985,1,0,0,0,0,0,0,0,0,#DIV/0!
Caldicellulosiruptor kronotskyensis,Caldicellulosiruptor,kronotskyensis,1,1,1,1,1,0,1,0,0,1,0,64881,218853,0,0,0,0,0,0,0,0,0,0,0,0,29084,35797,108187,110666,1,0,0,0,0,0,0,0,0,#DIV/0!
Caldicellulosiruptor obsidiansis,Caldicellulosiruptor,obsidiansis,1,1,1,1,1,0,1,0,0,1,0,58875,192124,0,0,0,0,0,0,0,0,0,0,0,0,26135,32740,92851,99273,1,0,0,0,0,0,0,0,0,#DIV/0!
Caldicellulosiruptor owensensis,Caldicellulosiruptor,owensensis,1,1,1,1,1,0,1,0,0,1,0,55944,183098,0,0,0,0,0,0,0,0,0,0,0,0,24702,31242,88163,94935,1,0,0,0,0,0,0,0,0,#DIV/0!
Caldicellulosiruptor saccharolyticus,Caldicellulosiruptor,saccharolyticus,1,1,1,1,1,0,1,0,0,1,0,60430,203681,0,0,0,0,0,0,0,0,0,0,0,0,28370,32060,102531,101150,1,0,0,0,0,0,0,0,0,#DIV/0!
Campylobacter concisus,Campylobacter,concisus,1,1,1,0,0,0,1,1,0,1,0,68289,139247,8273,3012,1203,8918,3068,6432,5881,2823,1291,6152,3226,6426,27463,18343,51471,53554,2,1,0.207266178,0.085445679,0.036521255,0.108224953,0.045200256,0.092339512,0.273229705,0.273229705
Campylobacter fetus,Campylobacter,fetus,1,1,1,0,0,0,1,1,0,1,0,39594,134875,7916,1668,351,5289,1695,2634,6229,1905,374,5017,1320,2695,10463,10688,52070,64155,8,2.59286,0.357251099,0.090240946,0.018310855,0.076411492,0.022354032,0.039510658,0.212605105,0.081996369
Campylobacter lari,Campylobacter,lari,1,1,1,0,0,0,1,1,0,1,0,20223,113688,5739,542,84,10077,1157,5427,4899,842,72,6944,884,4623,3930,4115,32647,51929,2,1,0.526034713,0.068436928,0.007713989,0.149716769,0.017952642,0.088399831,0.308339121,0.308339121
Candidatus Arthromitus,Candidatus,Arthromitus,1,1,1,1,1,0,1,1,0,1,0,19113,126740,3277,1143,229,3248,2434,7928,4826,2056,207,5417,935,7351,2309,5066,44402,55025,4,1.83333,0.423952284,0.167372992,0.022811699,0.068368313,0.026581979,0.12055389,0.267742179,0.146041454
Candidatus Blochmannia,Candidatus,Blochmannia,0,1,1,0,0,0,1,1,0,0,0,14284,58967,464,149,18,479,118,67,528,129,24,488,142,63,5980,6992,26880,30730,2,1,0.069448334,0.019462335,0.002940353,0.016399003,0.004409246,0.002204623,0.036436363,0.036436363
Candidatus Liberibacter,Candidatus,Liberibacter,1,1,1,1,1,0,1,1,1,1,0,29826,88713,6830,2057,590,7841,3260,4432,5655,2959,580,6493,2099,4254,5436,5719,22983,37351,6,2.28333,0.418594515,0.168175417,0.03922752,0.161577221,0.060408283,0.097911242,0.396915783,0.173831984
Candidatus Moranella,Candidatus,Moranella,0,1,0,1,1,0,1,1,1,1,0,26898,36335,8,6,0,5,3,1,8,3,2,11,7,1,13837,13034,15954,20353,2,1,0.00059484,0.000334597,7.4355E-05,0.000440347,0.000275217,5.50433E-05,0.000869799,0.000869799
Capnocytophaga ochracea,Capnocytophaga,ochracea,1,1,1,1,1,0,1,1,0,1,0,103996,169290,0,0,0,0,0,0,0,0,0,0,0,0,62890,41106,69775,99515,1,0,0,0,0,0,0,0,0,#DIV/0!
Caulobacter crescentus,Caulobacter,crescentus,1,1,1,1,1,0,1,0,1,1,0,637445,68910,6,2,3,5,1,0,1,4,5,1,1,1,356179,281245,20561,48340,2,1,1.09813E-05,9.41258E-06,1.25501E-05,8.70701E-05,2.90234E-05,1.45117E-05,4.24716E-05,4.24716E-05
Cellulophaga algicola,Cellulophaga,algicola,1,1,1,1,1,0,1,1,0,1,0,107026,336200,0,0,0,0,0,0,0,0,0,0,0,0,57025,50001,156647,179553,2,1,0,0,0,0,0,0,0,0
Cellulophaga lytica,Cellulophaga,lytica,1,1,1,1,1,0,1,1,0,1,0,59422,342755,761,227,77,717,253,1019,627,247,77,590,252,1014,32305,25101,153529,185381,2,1,0.023358352,0.007976844,0.002591633,0.003813219,0.001473356,0.00593135,0.014573185,0.014573185
Chlamydia abortus,Chlamydia,abortus,1,0,1,1,1,0,1,1,0,1,0,48563,95396,21,8,7,31,7,1,16,9,1,17,5,2,26857,21644,37905,57428,15,3.25156,0.000761897,0.000350061,0.000164734,0.000503166,0.000125791,3.14479E-05,0.000868303,0.000267042
Chlamydia felis,Chlamydia,felis,1,1,1,1,1,0,1,1,0,1,0,45977,103608,0,0,0,0,0,0,0,0,0,0,0,0,26059,19918,41895,61713,15,3.25156,0,0,0,0,0,0,0,0
Chlamydia muridarum,Chlamydia,muridarum,1,1,1,1,1,0,1,1,0,1,0,44451,99149,0,0,0,0,0,0,0,0,0,1,2,0,23474,20977,39607,59539,66,4.75928,0,0,0,1.00858E-05,2.01717E-05,0,2.08914E-05,4.38961E-06
Chlamydia psittaci,Chlamydia,psittaci,1,1,1,1,1,0,1,1,0,1,0,29633,69652,1266,614,167,1333,464,311,1057,677,173,1118,424,356,14489,11190,26229,39417,15,3.25156,0.078392333,0.043566294,0.011473695,0.035189226,0.012749096,0.009576179,0.080173239,0.024656854
Chlamydia trachomatis,Chlamydia,trachomatis,1,1,1,1,1,0,1,1,0,1,0,43555,90330,1025,168,82,863,235,234,910,235,103,777,189,207,21285,19747,35297,52528,66,4.75928,0.044426587,0.009252669,0.004247503,0.018155652,0.0046939,0.004882099,0.037554618,0.007890819
Chlamydophila caviae,Chlamydophila,caviae,1,0,1,1,1,0,1,1,0,1,0,44373,105146,0,0,0,0,0,0,0,0,0,0,0,0,24920,19453,41891,63255,15,3.25156,0,0,0,0,0,0,0,0
Chlamydophila pecorum,Chlamydophila,pecorum,1,0,1,1,1,0,1,1,0,1,0,51622,99837,0,0,0,0,0,0,0,0,0,0,0,0,28772,22850,41657,58180,1,0,0,0,0,0,0,0,0,#DIV/0!
Chlamydophila pneumoniae,Chlamydophila,pneumoniae,1,1,1,1,1,0,1,1,0,1,0,51026,102767,422,94,85,455,79,91,381,94,65,327,102,92,29514,20371,41696,59925,4,1.83333,0.015737075,0.003684396,0.002939678,0.007609447,0.001761266,0.001780727,0.014870638,0.008111272
Chloroflexus aurantiacus,Chloroflexus,aurantiacus,1,1,1,1,1,0,1,0,1,1,1,509858,271107,0,0,0,0,0,0,0,0,0,0,0,0,251993,257865,118365,152742,1,0,0,0,0,0,0,0,0,#DIV/0!
Citrobacter koseri,Citrobacter,koseri,1,1,1,1,1,1,1,1,1,1,1,433361,167986,0,0,0,0,0,0,0,0,0,0,0,0,187308,246053,59306,108680,4,1.83333,0,0,0,0,0,0,0,0
Citrobacter rodentium,Citrobacter,rodentium,1,1,1,1,1,1,1,1,1,1,1,476804,150929,0,0,0,0,0,0,0,0,0,0,0,0,212760,264044,52870,98059,4,1.83333,0,0,0,0,0,0,0,0
Clavibacter michiganensis,Clavibacter,michiganensis,1,1,1,0,0,0,1,1,1,1,0,459037,8268,9005,5762,84658,992,342,125,4469,2950,70854,966,861,194,182129,99210,3068,1720,5,2.08333,0.029352754,0.018978862,0.338778791,0.236816642,0.145500726,0.038582487,0.387708242,0.186100254
Clostridium acetobutylicum,Clostridium,acetobutylicum,1,1,1,1,1,0,1,0,0,1,1,59204,345943,2,1,0,5,2,7,7,2,0,6,11,9,29983,29209,171544,174359,3,1.5,0.000152017,5.06723E-05,0,3.17971E-05,3.75784E-05,4.62504E-05,0.000128348,8.55657E-05
Clostridium beijerinckii,Clostridium,beijerinckii,1,1,1,1,1,0,1,1,0,1,1,65554,416262,3852,1513,380,3921,1701,3677,5057,1727,353,4949,1564,3670,22216,30456,211721,185059,3,1.5,0.135903225,0.049424902,0.011181621,0.021308695,0.007843618,0.017649942,0.06717087,0.04478058
Clostridium cellulolyticum,Clostridium,cellulolyticum,1,1,1,1,1,0,1,0,0,1,0,102378,252217,0,0,0,0,0,0,0,0,0,0,0,0,52464,49914,126232,125985,1,0,0,0,0,0,0,0,0,#DIV/0!
Clostridium kluyveri,Clostridium,kluyveri,1,1,1,1,1,0,1,0,0,1,0,89431,291573,0,1,0,0,0,0,5,0,0,0,0,0,46567,42858,148612,142961,2,1,5.5909E-05,1.11818E-05,0,0,0,0,1.57479E-05,1.57479E-05
Clostridium ljungdahlii,Clostridium,ljungdahlii,1,1,1,1,1,0,1,0,0,1,0,63929,336996,0,0,0,0,0,0,0,0,0,0,0,0,33341,30588,172413,164583,1,0,0,0,0,0,0,0,0,#DIV/0!
Clostridium perfringens,Clostridium,perfringens,1,1,1,1,1,0,1,1,0,1,0,19082,221991,2286,1244,76,2828,1180,2475,1995,757,72,3384,1183,2544,7250,5402,101634,106763,5,2.08333,0.224347553,0.104863222,0.007756,0.027983116,0.010644576,0.022609025,0.083061977,0.039869813
Clostridium tetani,Clostridium,tetani,1,1,1,1,1,0,1,0,0,1,0,29510,211643,2771,644,165,2787,625,1148,2725,602,162,2790,738,1187,12198,10243,107383,94985,2,1,0.186241952,0.042222975,0.011080989,0.026350978,0.00644009,0.01103273,0.0677744,0.0677744
Collimonas fungivorans,Collimonas,fungivorans,1,1,1,1,1,0,1,0,1,1,0,617309,117752,14902,4113,11038,15245,4385,1468,11732,4176,11217,11792,4246,1467,283414,276717,33594,45555,2,1,0.043145329,0.013427635,0.036051637,0.229609688,0.073298118,0.024925267,0.130303471,0.130303471
Corynebacterium aurimucosum,Corynebacterium,aurimucosum,1,1,1,0,0,0,1,1,1,1,0,304634,93434,0,0,0,0,0,0,0,0,0,0,0,0,188217,116417,33049,60385,1,0,0,0,0,0,0,0,0,#DIV/0!
Corynebacterium diphtheriae,Corynebacterium,diphtheriae,1,1,1,0,0,0,1,1,1,1,0,169785,143903,7928,2062,1291,5273,1558,1343,4883,1639,1126,3398,1397,1136,89856,61000,54195,75603,13,3.10321,0.075454251,0.021798156,0.014235651,0.060255867,0.020534666,0.017226882,0.105308459,0.033935331
Corynebacterium glutamicum,Corynebacterium,glutamicum,1,1,1,0,0,0,1,1,1,1,0,245032,174719,11774,3752,2623,8075,2375,2403,6255,2631,2484,4721,2768,2326,135785,79728,63594,88457,11,2.92897,0.073578145,0.026049659,0.020842176,0.073237599,0.029435837,0.027066318,0.124328471,0.042447847
Corynebacterium pseudotuberculosis,Corynebacterium,pseudotuberculosis,1,1,1,0,0,0,1,1,1,1,0,109447,102148,2923,677,452,2058,552,285,1964,556,401,1629,537,268,57930,44544,39033,57786,10,2.82897,0.044651749,0.011265727,0.007793727,0.036094686,0.010661002,0.005413713,0.05813937,0.020551427
Corynebacterium ulcerans,Corynebacterium,ulcerans,1,1,1,0,0,0,1,1,1,1,0,202652,167312,15295,2800,1650,12385,2660,1256,10791,2666,1564,9112,2372,1146,94864,73022,56464,81917,10,2.82897,0.128723131,0.026972347,0.0158597,0.128484508,0.030075547,0.014356412,0.172170806,0.060859891
Corynebacterium urealyticum,Corynebacterium,urealyticum,1,1,1,0,0,0,1,1,1,1,0,304504,65227,2366,657,1583,2221,588,215,1341,633,1657,1275,643,192,168701,127566,22761,37332,2,1,0.012173896,0.004236398,0.010640254,0.053597437,0.018872553,0.006239747,0.03616413,0.03616413
Corynebacterium variabile,Corynebacterium,variabile,1,1,1,0,0,0,1,1,1,1,0,365459,54022,0,0,0,0,0,0,0,0,0,0,0,0,224887,140572,19204,34818,1,0,0,0,0,0,0,0,0,#DIV/0!
Coxiella burnetii,Coxiella,burnetii,1,1,1,1,1,0,1,1,0,1,0,92982,88795,500,155,84,281,55,25,389,109,78,197,49,24,48126,43541,34558,53606,7,2.45,0.00956099,0.002839259,0.001742273,0.005383186,0.001171237,0.000551833,0.010705425,0.004369561
Cronobacter sakazakii,Cronobacter,sakazakii,1,1,1,1,1,1,1,1,1,1,1,441214,99606,23087,3246,10795,15106,4173,1585,17104,6361,11176,8015,1787,1322,162252,207193,17123,50495,4,1.83333,0.091091851,0.021774014,0.049796697,0.232124571,0.059835753,0.029184989,0.191851263,0.104646334
Cupriavidus necator,Cupriavidus,necator,1,1,1,1,1,0,1,1,1,1,0,911412,88372,0,0,0,0,0,0,0,0,0,0,0,0,456144,455268,40120,48252,1,0,0,0,0,0,0,0,0,#DIV/0!
Cyclobacterium marinum,Cyclobacterium,marinum,1,1,1,1,1,0,1,1,0,1,0,206368,357062,0,0,0,0,0,0,0,0,0,0,0,0,122369,83999,170193,186869,1,0,0,0,0,0,0,0,0,#DIV/0!
Dehalobacter restrictus,Dehalobacter,restrictus,1,1,1,1,1,0,1,1,1,1,0,168753,130245,0,0,0,0,0,0,0,0,0,0,0,0,83275,85478,56917,73328,1,0,0,0,0,0,0,0,0,#DIV/0!
Dehalococcoides mccartyi,Dehalococcoides,mccartyi,1,1,1,1,1,0,0,0,1,1,1,86847,67634,12825,3218,2147,12101,5169,2384,6167,4255,2165,6228,3318,2191,28931,27139,12360,23883,13,3.10321,0.218683432,0.086047877,0.049650535,0.27100275,0.125484224,0.067643493,0.402431367,0.129682286
Delftia acidovorans,Delftia,acidovorans,1,1,1,1,1,0,1,1,1,1,0,932029,80630,0,0,0,0,0,0,0,0,0,0,0,0,513852,418177,36636,43994,1,0,0,0,0,0,0,0,0,#DIV/0!
Desulfitobacterium hafniense,Desulfitobacterium,hafniense,1,1,1,1,1,0,1,1,1,1,0,381032,237637,5321,1424,1740,5400,1652,942,3117,1762,1723,3031,1455,1001,202705,163240,85018,139138,2,1,0.022145122,0.008361502,0.009088476,0.035478482,0.013074563,0.008176336,0.04617655,0.04617655
Desulfovibrio vulgaris,Desulfovibrio,vulgaris,1,1,1,1,1,0,0,1,1,1,0,461646,115561,2469,946,1300,2234,879,386,1640,946,1270,1590,979,367,269824,183251,44021,65105,3,1.5,0.008900759,0.004098378,0.005567036,0.033090749,0.016078089,0.006516039,0.025997606,0.017331737
Dickeya dadantii,Dickeya,dadantii,1,1,1,1,1,1,1,1,1,1,1,500343,119104,0,0,0,0,0,0,0,0,0,0,0,0,216364,283979,42032,77072,2,1,0,0,0,0,0,0,0,0
Dickeya zeae,Dickeya,zeae,1,1,1,1,1,1,1,1,1,1,1,419619,178978,16219,3168,5186,16254,4748,2202,13594,4904,5191,13596,3258,2184,153393,217964,50164,86572,2,1,0.071047784,0.019236498,0.024729576,0.166780275,0.044731755,0.024505805,0.151193541,0.151193541
Dictyoglomus thermophilum,Dictyoglomus,thermophilum,1,1,1,1,1,0,0,0,0,1,1,38413,152662,0,0,0,0,0,0,0,0,0,0,0,0,22183,16230,66007,86655,1,0,0,0,0,0,0,0,0,#DIV/0!
Dictyoglomus turgidum,Dictyoglomus,turgidum,1,1,1,1,1,0,0,0,0,1,1,40934,149523,0,0,0,0,0,0,0,0,0,0,0,0,23830,17104,65099,84424,1,0,0,0,0,0,0,0,0,#DIV/0!
Edwardsiella ictaluri,Edwardsiella,ictaluri,1,1,1,1,1,1,1,1,1,1,1,395162,104509,0,0,0,0,0,0,0,0,0,0,0,0,184490,210672,42188,62321,3,1.5,0,0,0,0,0,0,0,0
Edwardsiella tarda,Edwardsiella,tarda,1,1,1,1,1,1,1,1,1,1,1,439199,82070,29725,7638,30991,15935,7440,2572,20244,10310,36910,8468,6284,2727,136218,167163,13597,25047,3,1.5,0.113773028,0.040865303,0.1546019,0.297343731,0.167223102,0.064566833,0.343860847,0.229240565
Ehrlichia canis,Ehrlichia,canis,1,0,1,1,1,0,1,0,0,1,0,12249,85341,0,0,0,0,0,0,0,0,0,0,0,0,5136,7113,41283,44058,3,1.5,0,0,0,0,0,0,0,0
Ehrlichia chaffeensis,Ehrlichia,chaffeensis,1,0,1,1,1,0,0,0,1,1,0,14816,89633,139,12,4,207,46,63,169,20,16,202,35,45,6247,8209,43248,45787,3,1.5,0.020788337,0.002159827,0.001349892,0.004563052,0.000903685,0.001204913,0.00917194,0.006114627
Ehrlichia ruminantium,Ehrlichia,ruminantium,1,0,1,1,1,0,1,0,1,1,0,13133,92495,380,121,34,359,121,77,551,119,29,470,118,83,5170,6729,44165,47102,3,1.5,0.070890124,0.018274575,0.004797076,0.008962647,0.002583923,0.001729823,0.023308214,0.015538809
Enterobacter aerogenes,Enterobacter,aerogenes,1,1,1,1,1,1,1,1,1,1,1,531832,164920,7338,1521,2420,6511,2070,1143,5840,2316,2511,4717,1393,1120,239253,270633,49481,98485,4,1.83333,0.024778501,0.007214684,0.009271725,0.068081494,0.02099806,0.013721805,0.055830482,0.030453046
Enterobacter cloacae,Enterobacter,cloacae,1,1,1,1,1,1,1,1,1,1,1,322189,90736,45652,6168,23740,23039,9152,3801,33339,17198,30459,8723,3062,2687,62476,103157,11523,28749,4,1.83333,0.245169761,0.07252265,0.168221137,0.350048492,0.134610298,0.071504144,0.501350124,0.273464201
Enterobacter lignolyticus,Enterobacter,lignolyticus,1,1,1,1,1,1,1,1,1,1,1,514776,128045,0,0,0,0,0,0,0,0,0,0,0,0,234738,280038,43092,84953,4,1.83333,0,0,0,0,0,0,0,0
Enterococcus faecalis,Enterococcus,faecalis,1,1,1,1,1,0,1,1,1,1,0,101960,175321,3741,769,321,2409,679,664,3293,791,297,2562,601,709,46394,46354,81369,86328,7,2.45,0.068987838,0.015300118,0.0060612,0.028353705,0.007300894,0.007831349,0.060718188,0.024782934
Erwinia pyrifoliae,Erwinia,pyrifoliae,1,1,1,1,1,1,1,1,1,1,1,371755,164835,0,0,0,0,0,0,0,0,0,0,0,0,167046,204709,62073,102762,1,0,0,0,0,0,0,0,0,#DIV/0!
Erysipelothrix rhusiopathiae,Erysipelothrix,rhusiopathiae,1,1,1,1,1,0,1,1,1,1,0,46401,123336,5,4,1,7,7,4,6,3,3,15,3,6,21718,24661,59881,63413,3,1.5,0.000237064,0.000150859,8.6205E-05,0.000178375,8.10793E-05,8.10793E-05,0.000377054,0.000251369
Escherichia coli,Escherichia,coli,1,1,1,1,1,1,1,1,1,1,1,188595,101545,17852,3287,3902,9880,4542,3163,16544,6138,4520,6443,2119,2581,56764,79588,23908,48909,4,1.83333,0.182380233,0.049974814,0.044656539,0.160746467,0.065596534,0.056566054,0.279075619,0.152223341
Escherichia fergusonii,Escherichia,fergusonii,1,1,1,1,1,1,1,1,1,1,1,346330,234086,0,0,0,0,0,0,0,0,0,0,0,0,154295,192035,89085,145001,4,1.83333,0,0,0,0,0,0,0,0
Eubacterium limosum,Eubacterium,limosum,1,1,1,1,1,0,1,1,1,1,0,303575,177812,20459,7393,8501,20534,6716,4225,13210,6852,8494,13049,7384,4356,128175,110491,54983,66565,2,1,0.110908342,0.046924154,0.055982871,0.188868018,0.079297235,0.048258835,0.251716395,0.251716395
Fervidobacterium pennivorans,Fervidobacterium,pennivorans,1,1,1,1,1,0,1,0,0,1,1,66506,155405,0,0,0,0,0,0,0,0,0,0,0,0,32017,34489,73120,82285,1,0,0,0,0,0,0,0,0,#DIV/0!
Fibrobacter succinogenes,Fibrobacter,succinogenes,1,1,1,1,1,0,1,1,0,1,0,298466,218928,13,2,4,11,3,0,2,2,3,3,2,0,172913,125527,75349,143560,2,1,5.0257E-05,1.34019E-05,2.34533E-05,6.3948E-05,2.28386E-05,0,8.69743E-05,8.69743E-05
Flavobacterium columnare,Flavobacterium,columnare,1,1,1,1,1,0,1,1,0,1,1,56776,243961,8914,3358,1153,8872,3185,9328,6286,2935,1053,6876,3626,9717,19776,13301,100947,101410,2,1,0.267718754,0.110839087,0.038854446,0.064551301,0.027918397,0.078065756,0.217143218,0.217143218
Flavobacterium psychrophilum,Flavobacterium,psychrophilum,1,1,1,1,1,0,1,1,0,1,0,60602,190047,489,249,94,486,190,385,471,166,84,489,225,375,36550,22499,100270,87627,8,2.59286,0.015841061,0.006847959,0.002937197,0.00513031,0.00218367,0.003999011,0.014773648,0.005697819
Francisella philomiragia,Francisella,philomiragia,1,1,1,1,1,0,1,1,1,1,0,27843,161995,4859,1114,313,6157,1819,5467,4132,1508,303,5254,1287,5246,7858,7756,57885,78880,29,3.92717,0.322917789,0.094170887,0.022124053,0.070440446,0.019173431,0.066131671,0.197320874,0.050245055
Francisella tularensis,Francisella,tularensis,1,1,1,1,1,0,1,1,1,1,0,18805,99084,1442,301,110,1471,450,1147,1213,439,92,1215,282,1104,8025,7183,39395,54020,29,3.92717,0.141185855,0.039351236,0.010741824,0.027108312,0.007387671,0.022718098,0.07859936,0.02001425
Fusobacterium nucleatum,Fusobacterium,nucleatum,1,1,1,1,1,0,1,1,0,1,0,6671,148994,1565,290,21,6766,1193,12592,1759,267,23,8432,1186,12849,1042,1704,53212,52764,10,2.82897,0.498276121,0.083495728,0.006595713,0.102004108,0.015967086,0.170751842,0.301564257,0.106598605
Gardnerella vaginalis,Gardnerella,vaginalis,1,1,1,0,0,0,1,1,0,1,0,56272,156622,1104,408,69,1113,641,637,942,656,82,889,446,685,25890,27121,57875,94336,3,1.5,0.036359113,0.01890816,0.002683395,0.012782368,0.006940277,0.008440704,0.036036713,0.024024475
Geobacillus thermodenitrificans,Geobacillus,thermodenitrificans,1,1,1,1,1,0,1,1,1,1,0,280121,144060,0,0,0,0,0,0,0,0,0,0,0,0,123411,156710,65821,78239,2,1,0,0,0,0,0,0,0,0
Geobacillus thermoglucosidasius,Geobacillus,thermoglucosidasius,1,1,1,1,1,0,1,1,1,1,0,239374,175364,939,312,233,954,378,304,1365,320,248,1331,352,364,97863,138094,87473,84208,2,1,0.009625105,0.00264022,0.002009408,0.01303004,0.00416277,0.00380922,0.017119242,0.017119242
Geobacillus thermoleovorans,Geobacillus,thermoleovorans,1,1,1,1,1,0,1,1,1,1,0,319170,97939,2231,686,1778,2262,953,307,2272,928,1944,2302,768,309,139009,170322,40480,50558,2,1,0.014108469,0.005056866,0.011661497,0.046600435,0.017572162,0.006289629,0.040133394,0.040133394
Geobacter bemidjiensis,Geobacter,bemidjiensis,1,1,1,1,1,0,1,1,1,1,0,495745,94582,0,0,0,0,0,0,0,0,0,0,0,0,276603,219142,39172,55410,1,0,0,0,0,0,0,0,0,#DIV/0!
Geobacter sulfurreducens,Geobacter,sulfurreducens,1,1,1,1,1,0,1,0,1,1,0,497341,110130,1640,568,735,1538,582,174,984,578,815,955,522,180,278368,213653,43713,62466,2,1,0.005276058,0.002304254,0.003116574,0.022636884,0.010024516,0.003214383,0.015261634,0.015261634
Gluconacetobacter diazotrophicus,Gluconacetobacter,diazotrophicus,1,1,1,1,1,0,1,0,1,1,0,558682,51923,1326,426,1544,1345,515,136,1044,499,1516,1043,419,116,261545,290782,22508,25841,2,1,0.004242127,0.001655682,0.005477177,0.045991179,0.017988175,0.004853341,0.016260922,0.016260922
Gluconobacter oxydans,Gluconobacter,oxydans,1,1,1,1,1,0,1,0,1,1,0,326146,89486,8577,1787,5381,8664,2788,623,5517,2766,5198,5552,1806,650,147827,149093,22015,47388,2,1,0.043213775,0.013960006,0.032436394,0.158862839,0.051337639,0.014225689,0.118636197,0.118636197
Glutamicibacter arilaitensis,Glutamicibacter,arilaitensis,1,1,1,0,0,0,1,1,1,1,0,384156,126410,21739,16279,32525,20724,11633,6456,12904,12173,31873,12086,15655,6477,149506,107157,23390,29989,2,1,0.09017951,0.074063662,0.167635023,0.259552251,0.215868998,0.102309944,0.39274844,0.39274844
Granulibacter bethesdensis,Granulibacter,bethesdensis,1,1,1,1,1,0,1,0,1,1,0,325121,119722,7475,1828,2807,5567,2139,512,5525,2572,2831,3938,1435,446,143627,158456,39140,66545,4,1.83333,0.039985113,0.013533423,0.017341236,0.079392259,0.029852492,0.008001871,0.083344011,0.045460452
Haemophilus parasuis,Haemophilus,parasuis,1,1,1,1,1,1,1,1,1,1,0,81172,137199,4672,1181,692,4385,1544,2136,4566,1560,723,4089,1089,2108,32188,35590,52416,69432,4,1.83333,0.113807717,0.033767802,0.017432119,0.061764299,0.019191102,0.03093317,0.131633779,0.071800374
Haemophilus somnus,Haemophilus,somnus,1,1,1,1,1,1,1,1,1,1,0,64662,147614,1545,579,270,1522,699,906,1365,721,290,1335,574,912,29175,30717,59953,81713,2,1,0.045003248,0.020104544,0.008660419,0.019354533,0.008623843,0.012315905,0.05049087,0.05049087
Helicobacter acinonychis,Helicobacter,acinonychis,1,1,1,0,0,0,1,1,0,1,0,71935,72253,0,0,0,0,0,0,0,0,0,0,0,0,34970,36965,21286,50967,77,4.91451,0,0,0,0,0,0,0,0
Herbaspirillum seropedicae,Herbaspirillum,seropedicae,1,1,1,1,1,0,1,0,1,1,0,797609,99082,31,31,63,22,11,7,37,10,45,20,27,8,443051,354341,38885,60102,2,1,8.52548E-05,5.14036E-05,0.000135405,0.000423891,0.000383521,0.00015139,0.000347946,0.000347946
Herminiimonas arsenicoxydans,Herminiimonas,arsenicoxydans,1,1,1,1,1,0,1,0,1,1,0,288961,110895,0,0,0,0,0,0,0,0,0,0,0,0,144151,144810,50437,60458,1,0,0,0,0,0,0,0,0,#DIV/0!
Hydrogenobacter thermophilus,Hydrogenobacter,thermophilus,1,1,1,1,1,0,1,0,0,1,1,96016,134872,0,0,0,0,0,0,0,0,0,0,0,0,52814,43202,55498,79374,2,1,0,0,0,0,0,0,0,0
Hyphomicrobium denitrificans,Hyphomicrobium,denitrificans,1,1,1,1,1,0,1,0,1,1,0,398696,113886,21744,9718,30689,22751,12611,3664,15159,12417,31135,15899,10175,3695,148221,129613,17317,27774,2,1,0.092559243,0.05551849,0.155065514,0.339374462,0.20007727,0.064617249,0.370003239,0.370003239
Idiomarina loihiensis,Idiomarina,loihiensis,1,1,1,1,1,1,1,1,1,1,0,198408,199777,0,0,0,0,0,0,0,0,0,0,0,0,100330,98078,72510,127267,2,1,0,0,0,0,0,0,0,0
Klebsiella oxytoca,Klebsiella,oxytoca,1,1,1,1,1,1,1,1,1,1,1,568752,145323,32255,7457,16719,18991,7841,3952,21328,12082,17848,10027,4371,3407,210506,250557,28736,67998,4,1.83333,0.094211537,0.034354165,0.060776929,0.199679335,0.084033498,0.050638922,0.218853762,0.119374996
Klebsiella pneumoniae,Klebsiella,pneumoniae,1,1,1,1,1,1,1,1,1,1,1,451727,93293,38689,4981,16497,20611,5048,2132,26295,8839,16731,10803,2126,1685,152577,187118,14470,36418,4,1.83333,0.143856798,0.030593699,0.073557702,0.336724084,0.076897516,0.040914109,0.283360244,0.154560414
Klebsiella variicola,Klebsiella,variicola,1,1,1,1,1,1,1,1,1,1,1,621818,131269,26110,4263,16161,24399,6515,2364,16231,7179,17437,13712,3477,2199,245104,289333,23058,55545,4,1.83333,0.068092271,0.018400883,0.054031887,0.290327495,0.076118505,0.034760682,0.185963906,0.101435042
Lactobacillus acidophilus,Lactobacillus,acidophilus,1,1,1,1,1,0,1,1,1,1,0,134958,68653,0,0,0,0,0,0,0,0,0,0,0,0,77309,57649,23779,44874,4,1.83333,0,0,0,0,0,0,0,0
Lactobacillus amylovorus,Lactobacillus,amylovorus,1,1,1,1,1,0,1,1,1,1,0,51997,144451,0,0,0,0,0,0,0,0,0,0,0,0,33207,18790,52619,91832,4,1.83333,0,0,0,0,0,0,0,0
Lactobacillus brevis,Lactobacillus,brevis,1,1,1,1,1,0,1,1,1,1,0,154181,132150,1049,299,228,1130,417,350,979,375,233,949,329,341,71240,79778,57002,71632,2,1,0.013153372,0.004371485,0.002989992,0.015732123,0.0056451,0.005228907,0.023326151,0.023326151
Lactobacillus delbrueckii,Lactobacillus,delbrueckii,1,1,1,1,1,0,1,1,1,1,0,119244,56298,2274,652,290,1418,399,229,1308,514,289,773,383,273,65023,48894,17520,35303,4,1.83333,0.030039247,0.00977827,0.00485559,0.038917901,0.013890369,0.008916835,0.050141846,0.027350148
Lactobacillus fermentum,Lactobacillus,fermentum,0,0,0,1,1,0,0,0,1,1,0,125594,51098,1378,374,302,782,339,260,1139,361,331,593,244,233,66288,55421,18631,30016,1,0,0.020040766,0.00585219,0.00504005,0.026909077,0.011409449,0.009648127,0.035859009,#DIV/0!
Lactobacillus gasseri,Lactobacillus,gasseri,1,1,1,1,1,0,1,1,1,1,0,36002,148948,5598,1453,408,5615,1657,3109,3806,1607,396,3747,1421,3018,12972,9762,52684,77697,4,1.83333,0.261207711,0.084995278,0.022332093,0.06285415,0.02066493,0.041135161,0.172127602,0.093887954
Lactobacillus helveticus,Lactobacillus,helveticus,1,1,1,1,1,0,1,1,1,1,0,32416,105383,1455,417,107,1272,425,767,746,398,132,712,414,790,17795,11366,37503,63500,8,2.59286,0.067898569,0.025141905,0.007372902,0.018826566,0.007961436,0.014774679,0.055406788,0.021368986
Lactobacillus johnsonii,Lactobacillus,johnsonii,1,1,1,1,1,0,1,1,1,1,0,29211,133281,3675,1171,373,4287,1791,2087,2604,1150,316,3071,1518,1970,11916,8006,48929,69628,4,1.83333,0.214953271,0.079456369,0.023587005,0.055206669,0.024827245,0.030439447,0.147779583,0.080607192
Lactobacillus paracasei,Lactobacillus,paracasei,1,1,1,1,1,0,1,1,1,1,0,152065,129645,4101,952,909,2982,1049,807,3088,1104,883,2260,824,763,72921,68107,49076,71884,7,2.45,0.047275836,0.013520534,0.011784434,0.040433491,0.014447144,0.012109993,0.070008164,0.028574761
Lactobacillus plantarum,Lactobacillus,plantarum,1,1,1,1,1,0,1,1,1,1,0,150591,140571,3858,784,519,2745,859,623,3663,935,514,2373,656,572,65506,74812,55947,76796,15,3.25156,0.049943224,0.011415025,0.00685964,0.036408648,0.010777472,0.008501042,0.06216814,0.019119481
Lactobacillus reuteri,Lactobacillus,reuteri,1,1,1,1,1,0,1,1,1,1,0,53506,126277,6450,1371,531,6019,1976,1798,6447,1661,554,5716,1610,1715,17881,18611,45561,61882,7,2.45,0.241038388,0.056666542,0.0202781,0.092930621,0.028397887,0.027819793,0.199395938,0.081386097
Lactobacillus rhamnosus,Lactobacillus,rhamnosus,1,1,1,1,1,0,1,1,1,1,0,177433,131589,7165,1332,1508,5851,1520,1166,6029,1670,1485,4694,1164,1129,78984,79260,48045,68020,7,2.45,0.074360463,0.016919062,0.016868339,0.080135878,0.020396842,0.017440668,0.112331808,0.045849718
Lactobacillus salivarius,Lactobacillus,salivarius,1,1,1,1,1,0,1,1,1,1,0,20770,138108,2207,377,44,2618,518,1179,1818,384,53,2258,427,1098,8242,7645,58850,71160,4,1.83333,0.193789119,0.036639384,0.004670197,0.035305703,0.006842471,0.016487097,0.081704201,0.044566009
Lactococcus garvieae,Lactococcus,garvieae,1,1,1,1,1,0,1,1,1,1,0,74846,161233,1,2,0,3,2,0,1,1,0,0,2,2,41725,33116,67620,93604,2,1,2.67215E-05,4.00823E-05,0,1.86066E-05,2.48088E-05,1.24044E-05,5.93022E-05,5.93022E-05
Lactococcus lactis,Lactococcus,lactis,1,1,1,1,1,0,1,1,1,1,0,38418,136355,7652,2791,1198,10960,4541,9361,5257,2849,1213,7540,3792,8931,9442,8016,36351,54879,14,3.18013,0.336014368,0.146806185,0.062757041,0.135675259,0.061112537,0.134149829,0.378119046,0.1189005
Lawsonia intracellularis,Lawsonia,intracellularis,1,1,1,1,1,0,0,0,1,1,0,27524,174102,2,0,0,0,0,0,0,0,0,0,0,0,16710,10812,77443,96659,2,1,7.26639E-05,0,0,0,0,0,9.91936E-06,9.91936E-06
Legionella pneumophila,Legionella,pneumophila,1,1,1,1,1,1,1,0,1,1,0,94264,173303,15398,3920,2127,14970,4308,5471,10567,3626,2123,10425,4134,5168,30877,25626,56385,72442,16,3.31823,0.275449801,0.080051769,0.045086141,0.146535259,0.048712371,0.061389589,0.307351056,0.092625001
Leptospira biflexa,Leptospira,biflexa,1,1,1,1,1,0,0,1,0,1,0,190487,307793,0,1,0,1,0,0,1,0,1,2,1,0,108923,81561,154306,153483,2,1,5.2497E-06,5.2497E-06,5.2497E-06,9.74681E-06,3.24894E-06,0,1.40483E-05,1.40483E-05
Leptospira borgpetersenii,Leptospira,borgpetersenii,1,1,1,1,1,0,0,0,0,1,0,162960,190357,3207,419,369,2106,476,301,2983,467,364,1823,409,313,77680,77471,77072,107857,1,0,0.037984782,0.005436917,0.004498036,0.020640166,0.004649159,0.003225518,0.037464939,#DIV/0!
Leptospira interrogans,Leptospira,interrogans,1,1,1,1,1,0,0,0,0,1,0,124392,276399,3718,603,308,2986,773,849,3692,737,332,2925,567,843,56912,58090,112722,154734,8,2.59286,0.059569747,0.010772397,0.005145025,0.02138575,0.004848064,0.006121585,0.045742045,0.017641541
Leuconostoc kimchii,Leuconostoc,kimchii,1,1,1,1,1,0,1,1,1,1,0,71136,167670,0,0,0,0,0,0,0,0,0,0,0,0,33338,37798,77673,89997,3,1.5,0,0,0,0,0,0,0,0
Leuconostoc mesenteroides,Leuconostoc,mesenteroides,1,1,1,1,1,0,1,1,1,1,0,51818,135218,1247,301,105,1191,399,342,1085,361,114,1073,308,351,23866,24739,60615,70939,5,2.08333,0.045003667,0.012775483,0.004226331,0.016743333,0.005228594,0.005125057,0.036768323,0.017648823
Listeria ivanovii,Listeria,ivanovii,1,1,1,1,1,0,1,1,1,1,0,95127,227068,8281,3210,1651,7671,3769,6543,9921,3519,1553,9348,3390,6530,29794,37198,94827,94990,1,0,0.191344203,0.070737015,0.033681289,0.074951116,0.031528,0.057573062,0.202939214,#DIV/0!
Listeria monocytogenes,Listeria,monocytogenes,1,1,1,1,1,0,1,1,1,1,0,85841,183705,10930,3571,1734,10984,4695,7646,13573,4214,1679,13242,3876,7774,22082,28058,65945,69543,1,0,0.285446348,0.090690929,0.039759555,0.131874473,0.046656324,0.083938924,0.311330905,#DIV/0!
Listeria seeligeri,Listeria,seeligeri,1,1,1,1,1,0,1,1,1,1,0,98837,230263,0,0,0,0,0,0,0,0,0,0,0,0,45099,53738,114452,115811,1,0,0,0,0,0,0,0,0,#DIV/0!
Listeria welshimeri,Listeria,welshimeri,1,1,1,1,1,0,1,1,1,1,0,89382,237222,0,0,0,0,0,0,0,0,0,0,0,0,40426,48956,115757,121465,1,0,0,0,0,0,0,0,0,#DIV/0!
Lysinibacillus sphaericus,Lysinibacillus,sphaericus,1,1,1,1,1,0,1,1,1,1,0,150431,365114,3,0,0,3,0,0,0,0,1,1,0,0,73985,76442,185985,179125,3,1.5,1.99427E-05,0,6.64757E-06,1.09555E-05,0,0,1.55176E-05,1.0345E-05
Marinobacter adhaerens,Marinobacter,adhaerens,1,1,1,1,1,0,1,1,1,1,0,451249,169691,0,0,0,0,0,0,0,0,0,0,0,0,238009,213240,63251,106440,2,1,0,0,0,0,0,0,0,0
Marinobacter hydrocarbonoclasticus,Marinobacter,hydrocarbonoclasticus,1,1,1,1,1,0,1,1,1,1,0,430749,148997,7796,2638,5245,7638,3617,1492,4988,3449,5165,4818,2815,1518,203300,198168,46727,80372,2,1,0.029678537,0.014131199,0.024167206,0.083598999,0.043168654,0.020201749,0.088278315,0.088278315
Mesoplasma florum,Mesoplasma,florum,1,0,0,0,0,0,1,1,1,1,0,4517,69866,254,102,26,261,114,963,338,142,36,326,90,911,1466,2153,33052,34149,2,1,0.131060438,0.054018154,0.013725924,0.008401798,0.002919875,0.026822775,0.04790073,0.04790073
Mesorhizobium australicum,Mesorhizobium,australicum,1,1,1,1,1,0,1,0,1,1,0,821948,137884,0,0,0,0,0,0,0,0,0,0,0,0,464143,357805,55597,82287,1,0,0,0,0,0,0,0,0,#DIV/0!
Mesorhizobium ciceri,Mesorhizobium,ciceri,1,1,1,1,1,0,1,0,1,1,0,861000,142432,7987,2402,6301,5168,1764,530,5305,2421,5780,3358,1645,458,468669,362135,51886,77623,1,0,0.015437863,0.005601626,0.014031359,0.059860144,0.023934228,0.006936643,0.042971522,#DIV/0!
Mesorhizobium loti,Mesorhizobium,loti,1,1,1,1,1,0,1,0,1,1,0,848146,130421,0,0,0,0,0,0,0,0,0,0,0,0,480558,367588,51760,78661,1,0,0,0,0,0,0,0,0,#DIV/0!
Mesorhizobium opportunistum,Mesorhizobium,opportunistum,1,1,1,1,1,0,1,0,1,1,0,872643,139035,0,0,0,0,0,0,0,0,0,0,0,0,494154,378489,56423,82612,1,0,0,0,0,0,0,0,0,#DIV/0!
Methylobacterium extorquens,Methylobacterium,extorquens,1,1,1,1,1,0,1,1,1,1,1,759013,49913,26861,3850,16959,7285,1655,373,17159,4275,15705,4028,1132,352,385069,289135,12406,22682,4,1.83333,0.057996372,0.010704691,0.043034836,0.226654379,0.055837157,0.014525274,0.12316825,0.067182804
Methylobacterium populi,Methylobacterium,populi,1,1,1,1,1,0,1,1,1,1,1,837836,56600,0,0,0,0,0,0,0,0,0,0,0,0,479441,358395,21619,34981,4,1.83333,0,0,0,0,0,0,0,0
Methylobacterium radiotolerans,Methylobacterium,radiotolerans,1,1,1,1,1,0,1,1,1,1,0,916961,37631,0,0,0,0,0,0,0,0,0,0,0,0,504396,412565,15483,22148,1,0,0,0,0,0,0,0,0,#DIV/0!
Micavibrio aeruginosavorus,Micavibrio,aeruginosavorus,1,1,1,1,1,0,1,1,1,1,0,283323,85485,14304,4875,15251,14792,6439,1767,9791,6156,15608,9613,4964,1719,103104,114234,16187,30004,2,1,0.085044278,0.038934361,0.10891809,0.285488682,0.133391823,0.040779084,0.285457474,0.285457474
Micromonospora aurantiaca,Micromonospora,aurantiaca,1,1,1,0,0,0,1,1,1,1,1,1202371,73571,0,0,0,0,0,0,0,0,0,0,0,0,607209,595162,32974,40597,1,0,0,0,0,0,0,0,0,#DIV/0!
Moorella thermoacetica,Moorella,thermoacetica,1,1,1,1,1,0,1,0,1,1,0,276214,99951,93,5,6,2,0,3,82,2,5,0,9,1,157658,118363,39271,60665,3,1.5,0.000633567,2.53427E-05,3.98242E-05,2.00098E-05,9.00441E-05,4.00196E-05,0.000552949,0.000368633
Mycobacterium abscessus,Mycobacterium,abscessus,1,1,1,0,0,0,1,1,1,1,0,583886,131711,18187,4067,9915,10721,2793,854,16108,3791,9747,9954,2559,790,265440,256631,48691,55349,1,0,0.058735781,0.013458107,0.033674382,0.156972462,0.040634419,0.012481873,0.125050832,#DIV/0!
Mycobacterium avium,Mycobacterium,avium,1,1,1,0,0,0,1,1,1,1,0,651519,44771,4532,1580,7253,1811,649,141,4300,1626,7226,1634,626,135,310265,314737,18571,21204,1,0,0.013556013,0.004920808,0.02222345,0.076947131,0.028478256,0.006164705,0.045258441,#DIV/0!
Mycobacterium bovis,Mycobacterium,bovis,1,1,1,0,0,0,1,1,1,1,0,577164,131756,323,180,556,321,217,46,189,179,657,193,162,41,285807,289273,61991,68785,38,4.20159,0.000887096,0.000622007,0.002101656,0.003901151,0.002876529,0.000660311,0.004322067,0.001028674
Mycobacterium gilvum,Mycobacterium,gilvum,1,1,1,0,0,0,1,1,1,1,0,876310,112971,3561,1618,7725,3781,1729,433,2937,1576,7851,3100,1635,462,439017,412025,47158,54673,2,1,0.007415184,0.003644829,0.017774532,0.060909437,0.029777554,0.007922387,0.036802486,0.036802486
Mycobacterium intracellulare,Mycobacterium,intracellulare,1,1,1,0,0,0,1,1,1,1,0,839207,79649,4964,1919,8144,3236,1236,278,4627,1845,7815,3034,1398,291,415984,393909,33310,36866,1,0,0.011428646,0.004485187,0.019016762,0.078720386,0.033070095,0.007143844,0.042212273,#DIV/0!
Mycobacterium marinum,Mycobacterium,marinum,1,1,1,0,0,0,1,1,1,1,0,906193,186677,5299,1597,3930,5226,1436,384,4229,1497,3849,4346,1522,400,456587,429205,82272,91091,2,1,0.010514316,0.003414284,0.008584264,0.051275733,0.015845551,0.004199768,0.030849964,0.030849964
Mycobacterium smegmatis,Mycobacterium,smegmatis,1,1,1,0,0,0,1,1,1,1,0,1061544,153628,3811,1475,6061,3815,1473,355,3090,1486,6045,3161,1467,378,540012,499564,65572,77407,6,2.28333,0.006500908,0.002789333,0.011404143,0.045408389,0.019137136,0.004771266,0.026841468,0.011755404
Mycobacterium vanbaalenii,Mycobacterium,vanbaalenii,1,1,1,0,0,0,1,1,1,1,0,809537,103768,0,0,0,0,0,0,0,0,0,0,0,0,411400,398137,47222,56546,2,1,0,0,0,0,0,0,0,0
Mycoplasma agalactiae,Mycoplasma,agalactiae,1,0,0,0,0,0,1,1,1,1,0,11625,65695,1469,393,81,1409,293,1269,855,231,69,878,387,1306,5599,2928,26247,33906,8,2.59286,0.199913978,0.053677419,0.012903226,0.034812391,0.010350864,0.039196286,0.111743404,0.043096582
Mycoplasma bovis,Mycoplasma,bovis,1,0,0,0,0,0,1,1,1,1,0,10676,59391,524,133,31,499,102,490,352,80,26,393,138,489,5988,3542,25645,31635,8,2.59286,0.082053203,0.019951293,0.005339078,0.015019111,0.004041016,0.016483979,0.04648408,0.017927724
Mycoplasma fermentans,Mycoplasma,fermentans,1,0,0,0,0,0,1,1,1,1,0,7452,70897,165,33,4,159,29,118,105,29,6,81,35,113,4932,2178,29732,40630,2,1,0.036231884,0.008319914,0.001341922,0.003385193,0.000902718,0.003258248,0.011193506,0.011193506
Mycoplasma gallisepticum,Mycoplasma,gallisepticum,1,0,0,0,0,0,1,1,1,1,0,15424,64426,531,123,95,517,168,310,605,175,90,657,112,284,5306,8499,26730,35648,11,2.92897,0.073651452,0.019320539,0.011994295,0.018222457,0.004346071,0.00921988,0.045923607,0.015679098
Mycoplasma genitalium,Mycoplasma,genitalium,1,0,0,0,0,0,1,1,1,1,0,9480,38898,167,48,16,180,20,43,110,30,15,106,37,40,5477,3617,14634,23838,5,2.08333,0.029219409,0.008227848,0.003270042,0.007352563,0.001465371,0.002133786,0.016784489,0.008056568
Mycoplasma haemofelis,Mycoplasma,haemofelis,0,0,0,0,0,0,1,0,0,1,0,37170,91309,1448,340,81,1444,313,385,1046,318,52,962,368,347,20748,13137,34902,52588,2,1,0.067097121,0.017702448,0.003578154,0.026350086,0.007458191,0.008016734,0.055293083,0.055293083
Mycoplasma hominis,Mycoplasma,hominis,1,1,0,0,0,0,1,1,1,1,0,7466,49683,968,155,24,1219,80,411,607,85,12,934,144,437,3761,1854,24515,21943,4,1.83333,0.210956335,0.032145727,0.004821859,0.043334742,0.004508584,0.017068212,0.088820452,0.048447607
Mycoplasma hyopneumoniae,Mycoplasma,hyopneumoniae,1,0,0,0,0,0,1,1,1,1,0,17546,57296,775,239,166,788,245,382,585,240,162,673,212,303,9382,5997,26511,28182,6,2.28333,0.077510544,0.027299669,0.018693719,0.025499162,0.007976124,0.011955459,0.063734267,0.027912858
Mycoplasma hyorhinis,Mycoplasma,hyorhinis,1,0,0,0,0,0,1,1,1,1,0,5380,57433,80,16,6,86,14,107,56,17,2,66,28,122,3184,2019,27010,30000,5,2.08333,0.02527881,0.006133829,0.001486989,0.002646562,0.000731287,0.003987255,0.009552163,0.004585045
Mycoplasma leachii,Mycoplasma,leachii,1,0,0,0,0,0,1,1,1,1,0,3404,75212,0,0,0,0,0,0,0,0,0,0,0,0,1613,1791,33226,41986,11,2.92897,0,0,0,0,0,0,0,0
Mycoplasma mycoides,Mycoplasma,mycoides,1,0,0,0,0,0,1,1,1,1,0,2592,64625,505,115,14,596,161,1757,517,138,10,611,142,1811,509,784,26565,32982,11,2.92897,0.394290123,0.097608025,0.009259259,0.018676983,0.004688588,0.055210832,0.094871833,0.032390852
Mycoplasma pneumoniae,Mycoplasma,pneumoniae,1,0,0,0,0,0,1,1,1,1,0,34648,40408,83,36,31,76,33,13,40,45,34,40,27,16,19911,14468,14890,25313,21,3.59774,0.003549988,0.002337797,0.00187601,0.002870719,0.001484854,0.00071768,0.006315285,0.001755348
Mycoplasma putrefaciens,Mycoplasma,putrefaciens,1,0,0,0,0,0,1,1,1,1,0,6327,62497,178,36,8,164,40,128,161,46,8,113,28,136,2994,2896,28263,33625,2,1,0.053579896,0.012960329,0.002528845,0.004432213,0.001088052,0.004224203,0.015198187,0.015198187
Mycoplasma suis,Mycoplasma,suis,0,0,0,0,0,0,1,0,0,0,0,8895,54493,497,108,34,512,99,389,359,111,23,312,116,407,4591,3172,23779,28879,2,1,0.096233839,0.024620573,0.006408094,0.015121208,0.003945461,0.014607381,0.046806967,0.046806967
Mycoplasma synoviae,Mycoplasma,synoviae,1,0,0,0,0,0,1,1,1,1,0,9223,61840,175,38,12,164,36,161,156,29,9,126,38,179,4930,3874,27584,33552,2,1,0.03588854,0.007264448,0.002276916,0.004689521,0.001196636,0.00549806,0.015802879,0.015802879
Myxococcus fulvus,Myxococcus,fulvus,1,1,1,1,1,0,1,1,1,1,1,1377394,79263,0,0,0,0,0,0,0,0,0,0,0,0,662812,714582,33095,46168,1,0,0,0,0,0,0,0,0,#DIV/0!
Myxococcus xanthus,Myxococcus,xanthus,1,1,1,1,1,0,1,1,1,1,1,1353644,135292,0,0,0,0,0,0,0,0,0,0,0,0,649460,704184,59116,76176,1,0,0,0,0,0,0,0,0,#DIV/0!
Neisseria gonorrhoeae,Neisseria,gonorrhoeae,1,1,1,1,1,0,1,1,1,1,0,179703,62546,1044,284,447,688,185,117,615,268,417,389,239,118,106283,70345,24181,36629,23,3.69081,0.009231899,0.003071735,0.004807933,0.017219327,0.006779011,0.003757235,0.019859731,0.00538086
Neisseria lactamica,Neisseria,lactamica,1,1,1,1,1,0,1,1,1,1,0,193918,67373,0,0,0,0,0,0,0,0,0,0,0,0,116549,77369,26679,40694,23,3.69081,0,0,0,0,0,0,0,0
Neisseria meningitidis,Neisseria,meningitidis,1,1,1,1,1,0,1,1,1,1,0,152705,52908,9923,2180,2398,5144,1289,557,5525,1713,2267,2812,1368,592,77064,51635,15660,25486,23,3.69081,0.101162372,0.025493599,0.030549098,0.150374235,0.050219249,0.021716943,0.173957872,0.047132709
Neorickettsia risticii,Neorickettsia,risticii,0,0,1,1,1,0,1,0,0,1,0,34710,66275,0,0,0,0,0,0,0,0,0,0,0,0,16461,18249,28931,37344,1,0,0,0,0,0,0,0,0,#DIV/0!
Neorickettsia sennetsu,Neorickettsia,sennetsu,0,0,1,1,1,0,1,0,0,1,0,34288,66667,0,0,0,0,0,0,0,0,0,0,0,0,16291,17997,29189,37478,1,0,0,0,0,0,0,0,0,#DIV/0!
Nitrosococcus oceani,Nitrosococcus,oceani,1,1,1,1,1,1,1,0,1,1,1,234166,167500,0,0,0,0,0,0,0,0,0,0,0,0,128321,105845,66642,100858,1,0,0,0,0,0,0,0,0,#DIV/0!
Nitrosococcus watsonii,Nitrosococcus,watsonii,1,1,1,1,1,1,1,0,1,1,1,233597,168844,0,0,0,0,0,0,0,0,0,0,0,0,127847,105750,66801,102043,1,0,0,0,0,0,0,0,0,#DIV/0!
Nocardia farcinica,Nocardia,farcinica,1,1,1,0,0,0,1,1,1,1,1,1000683,68585,3342,1040,5167,3414,1016,217,2583,972,5290,2629,1146,198,527709,454580,27004,32961,2,1,0.005920956,0.002010627,0.010449863,0.088109645,0.031522928,0.006050886,0.025264012,0.025264012
Ochrobactrum anthropi,Ochrobactrum,anthropi,1,1,1,1,1,0,1,0,1,1,0,518976,236598,1391,409,652,1403,478,239,872,487,692,856,435,226,278953,235520,86161,146800,2,1,0.00436051,0.001726477,0.002589715,0.009547841,0.003858866,0.001965359,0.010773266,0.010773266
Oligotropha carboxidovorans,Oligotropha,carboxidovorans,1,1,1,1,1,0,1,0,1,1,0,506278,103217,2,2,1,2,0,0,1,1,0,0,2,0,268693,237578,39777,63436,3,1.5,5.9256E-06,5.9256E-06,1.9752E-06,1.93767E-05,1.93767E-05,0,1.80477E-05,1.20318E-05
Ornithobacterium rhinotracheale,Ornithobacterium,rhinotracheale,1,1,1,1,1,0,1,1,0,1,0,92916,156915,44,25,8,43,13,29,47,17,9,51,15,29,47216,45550,80109,76626,2,1,0.000979379,0.000452021,0.000182961,0.00059905,0.000178441,0.000369627,0.001320893,0.001320893
Paenarthrobacter aurescens,Paenarthrobacter,aurescens,1,1,1,0,0,0,1,1,1,1,0,600375,196301,0,0,0,0,0,0,0,0,0,0,0,0,352353,248022,83144,113157,1,0,0,0,0,0,0,0,0,#DIV/0!
Paenibacillus polymyxa,Paenibacillus,polymyxa,1,1,1,1,1,0,1,1,1,1,1,286802,281720,31340,7312,6482,27666,8508,9537,36098,9030,6734,29912,6684,9071,77516,112290,87793,102549,6,2.28333,0.23513783,0.056980077,0.046080571,0.204380236,0.053925884,0.066051399,0.33133986,0.145112559
Paenibacillus terrae,Paenibacillus,terrae,1,1,1,1,1,0,1,1,1,1,0,370770,304401,0,0,0,0,0,0,0,0,0,0,0,0,159507,211263,141074,163327,6,2.28333,0,0,0,0,0,0,0,0
Pantoea ananatis,Pantoea,ananatis,1,1,1,1,1,1,1,1,1,1,1,447305,188918,4210,1161,1392,2733,1030,728,3556,1653,1479,1997,696,723,202957,230897,66051,114960,1,0,0.017361755,0.006291009,0.006418439,0.025037318,0.009136239,0.007680581,0.03356999,#DIV/0!
Pantoea vagans,Pantoea,vagans,1,1,1,1,1,1,1,1,1,1,1,502907,187202,0,0,0,0,0,0,0,0,0,0,0,0,221959,280948,68839,118363,1,0,0,0,0,0,0,0,0,#DIV/0!
Paraburkholderia phymatum,Paraburkholderia,phymatum,1,1,1,1,1,0,1,1,1,1,0,948063,170290,0,0,0,0,0,0,0,0,0,0,0,0,439242,508821,76094,94196,3,1.5,0,0,0,0,0,0,0,0
Paraburkholderia phytofirmans,Paraburkholderia,phytofirmans,1,1,1,1,1,0,1,1,1,1,0,878076,143897,0,0,0,0,0,0,0,0,0,0,0,0,415686,462390,56525,87372,2,1,0,0,0,0,0,0,0,0
Paraburkholderia xenovorans,Paraburkholderia,xenovorans,1,1,1,1,1,0,1,1,1,1,0,1313605,245082,3,2,5,3,0,0,3,2,4,2,0,0,622451,691135,104380,140697,2,1,4.56758E-06,3.04506E-06,6.85137E-06,2.04013E-05,0,0,1.53976E-05,1.53976E-05
Pasteurella multocida,Pasteurella,multocida,1,1,1,1,1,1,1,1,1,1,0,96377,124917,13413,8053,6434,10940,6977,10388,12759,9444,5831,8628,4881,9710,18960,21483,30757,42636,9,2.71786,0.271558567,0.181547465,0.127260653,0.156648014,0.094927032,0.160890832,0.485589307,0.178666048
Pectobacterium atrosepticum,Pectobacterium,atrosepticum,1,1,1,1,1,1,1,1,1,1,0,434393,249062,3993,905,1164,3851,1249,638,3750,1256,1103,3610,913,641,184803,237419,94514,143646,1,0,0.017824873,0.004974758,0.005218777,0.029956396,0.008680569,0.005135268,0.033759355,#DIV/0!
Pectobacterium carotovorum,Pectobacterium,carotovorum,1,1,1,1,1,1,1,1,1,1,1,436480,206816,26561,5671,11248,26653,8860,4052,21861,8920,11529,22448,5750,4039,143497,207193,48007,87007,1,0,0.1109375,0.033428794,0.052183376,0.237413933,0.070642503,0.039121731,0.244975874,#DIV/0!
Pectobacterium wasabiae,Pectobacterium,wasabiae,1,1,1,1,1,1,1,1,1,1,1,420625,246892,0,0,0,0,0,0,0,0,0,0,0,0,185354,235271,99075,147817,1,0,0,0,0,0,0,0,0,#DIV/0!
Pediococcus pentosaceus,Pediococcus,pentosaceus,1,1,0,1,1,0,1,1,1,1,0,55527,142223,1179,274,106,1174,317,477,1091,262,94,1042,295,477,26862,25659,60924,77517,2,1,0.040881013,0.009652962,0.003601851,0.015581165,0.004303101,0.006707776,0.034326169,0.034326169
Peptoclostridium difficile,Peptoclostridium,difficile,1,1,1,1,1,0,1,1,0,1,0,30702,300283,3416,1054,129,3976,1290,2448,4458,1225,158,5215,1210,2403,8093,12169,148159,135582,7,2.45,0.256465377,0.074229692,0.009347925,0.030607793,0.00832548,0.016154761,0.081520311,0.033273596
Phaeobacter gallaeciensis,Phaeobacter,gallaeciensis,1,1,1,1,1,0,1,1,1,1,0,502872,152915,25313,8312,21209,25575,11116,3522,17252,11134,21478,17579,8227,3469,193141,205033,31227,52200,1,0,0.084643806,0.03866988,0.084886412,0.28220907,0.126495112,0.045718209,0.265613682,#DIV/0!
Polynucleobacter necessarius,Polynucleobacter,necessarius,1,1,1,0,0,0,1,1,1,1,0,93111,136431,0,0,0,0,0,0,0,0,0,0,0,0,58768,34343,54766,81665,1,0,0,0,0,0,0,0,0,#DIV/0!
Porphyromonas gingivalis,Porphyromonas,gingivalis,1,1,1,1,1,0,1,1,0,1,0,143526,106414,3541,634,626,2205,493,740,2703,555,573,1620,451,630,75665,59229,43287,56988,7,2.45,0.043504313,0.008284213,0.008353887,0.035944519,0.008871013,0.012874246,0.059098184,0.024121708
Prevotella intermedia,Prevotella,intermedia,1,1,1,1,1,0,1,1,0,0,0,131937,172852,5,5,1,4,1,7,4,1,0,4,5,6,75628,56293,81728,91097,2,1,6.82144E-05,4.54763E-05,7.57938E-06,4.62824E-05,3.47118E-05,7.52088E-05,0.000141081,0.000141081
Prochlorococcus marinus,Prochlorococcus,marinus,1,1,1,0,1,0,1,0,1,1,0,40451,162116,1773,988,302,1732,955,1966,1323,956,294,1317,1009,1886,20582,14233,70177,83074,2,1,0.076537045,0.048058144,0.014733876,0.018807521,0.012114782,0.023760764,0.071586191,0.071586191
Proteus mirabilis,Proteus,mirabilis,1,1,1,1,1,1,1,1,1,1,1,140213,262168,3102,615,273,2410,696,1011,2586,739,292,1907,542,972,70045,62561,102598,152032,1,0,0.040566852,0.009656737,0.004029584,0.016466541,0.004722163,0.007563852,0.037638457,#DIV/0!
Pseudoalteromonas haloplanktis,Pseudoalteromonas,haloplanktis,1,1,1,1,1,1,1,1,1,1,0,164902,286101,0,0,0,0,0,0,0,0,0,0,0,0,90708,74194,127947,158154,1,0,0,0,0,0,0,0,0,#DIV/0!
Pseudomonas aeruginosa,Pseudomonas,aeruginosa,1,1,1,1,1,0,1,1,1,1,0,604038,51510,26681,4922,18364,13092,2860,617,15871,4332,17441,7358,2619,557,288799,227628,8770,15637,57,4.61147,0.070445899,0.015320228,0.059276072,0.397010289,0.106367696,0.022791691,0.174989474,0.037946571
Pseudomonas brassicacearum,Pseudomonas,brassicacearum,1,1,1,1,1,0,1,1,1,1,0,758707,137533,34443,8059,32484,29021,9158,2555,19679,10334,30768,17467,6818,2470,322212,300728,21844,48200,2,1,0.07133452,0.02424256,0.083368151,0.338013422,0.116161212,0.036536686,0.226787468,0.226787468
Pseudomonas entomophila,Pseudomonas,entomophila,1,1,1,1,1,0,1,1,1,1,0,780457,106787,0,0,0,0,0,0,0,0,0,0,0,0,422386,358071,37545,69242,15,3.25156,0,0,0,0,0,0,0,0
Pseudomonas fluorescens,Pseudomonas,fluorescens,1,1,1,1,1,0,1,1,1,1,0,805687,143306,27323,5983,23097,27175,7817,1924,16662,7741,22924,16606,6089,1953,366530,335427,26484,55258,2,1,0.054593161,0.01703391,0.057120197,0.305507097,0.097037109,0.027053996,0.174178313,0.174178313
Pseudomonas protegens,Pseudomonas,protegens,1,1,1,1,1,0,1,1,1,1,0,941525,122872,12547,2552,5844,6192,1769,615,8363,2713,5714,3625,1239,539,481767,422025,37081,71812,3,1.5,0.022208651,0.005591992,0.012275829,0.079896152,0.02448076,0.009391887,0.048583376,0.032388918
Pseudomonas putida,Pseudomonas,putida,1,1,1,1,1,0,1,1,1,1,0,447730,44763,69688,11997,43621,17239,2823,861,34782,17431,46133,4787,1593,670,108952,115126,5968,10822,15,3.25156,0.233332589,0.065727112,0.200464566,0.492058173,0.098652905,0.034202355,0.510920967,0.157131029
Pseudomonas savastanoi,Pseudomonas,savastanoi,1,1,1,1,1,0,1,1,1,1,0,616940,211076,0,0,0,0,0,0,0,0,0,0,0,0,311911,305029,76618,134458,8,2.59286,0,0,0,0,0,0,0,0
Pseudomonas stutzeri,Pseudomonas,stutzeri,1,1,1,1,1,0,1,1,1,1,1,447206,69214,0,0,0,0,0,0,0,0,0,0,0,0,239942,207264,25511,43703,1,0,0,0,0,0,0,0,0,#DIV/0!
Pseudomonas syringae,Pseudomonas,syringae,1,1,1,1,1,0,1,1,1,1,0,518958,110188,67879,12422,36208,32884,10496,2533,38841,19425,36074,13938,5250,1961,143017,165092,13089,30037,8,2.59286,0.205642846,0.061367201,0.139282948,0.424928304,0.142901223,0.04078484,0.441727357,0.17036298
Pseudothermotoga lettingae,Pseudothermotoga,lettingae,1,1,1,1,1,0,1,0,0,1,1,85251,175399,0,0,0,0,0,0,0,0,0,0,0,0,41324,43927,80204,95195,1,0,0,0,0,0,0,0,0,#DIV/0!
Pseudoxanthomonas suwonensis,Pseudoxanthomonas,suwonensis,1,1,1,1,1,0,1,1,1,1,0,508685,26995,7638,3353,44145,7297,2986,327,3916,3426,45593,3771,3290,282,211219,189395,3671,5371,2,1,0.022713467,0.013326518,0.176411728,0.410001852,0.232487498,0.022559733,0.235259857,0.235259857
Psychrobacter arcticus,Psychrobacter,arcticus,1,1,1,1,1,0,1,1,1,1,0,123960,161425,0,0,0,0,0,0,0,0,0,0,0,0,67972,55988,64398,97027,1,0,0,0,0,0,0,0,0,#DIV/0!
Psychrobacter cryohalolentis,Psychrobacter,cryohalolentis,1,1,1,1,1,0,1,1,1,1,0,152233,209533,0,0,0,0,0,0,0,0,0,0,0,0,83782,68451,84102,125431,1,0,0,0,0,0,0,0,0,#DIV/0!
Ralstonia eutropha,Ralstonia,eutropha,1,1,1,1,1,0,1,1,1,1,0,915225,84410,0,0,0,0,0,0,0,0,0,0,0,0,458572,456653,38339,46071,1,0,0,0,0,0,0,0,0,#DIV/0!
Ralstonia pickettii,Ralstonia,pickettii,1,1,1,1,1,0,1,1,1,1,0,702230,119419,11829,3250,14762,11887,3906,1088,8145,4081,14657,8314,3276,1088,316985,328521,36686,53174,6,2.28333,0.028443672,0.0104396,0.041893682,0.169160686,0.060141184,0.018221556,0.105011994,0.045990722
Ralstonia solanacearum,Ralstonia,solanacearum,1,1,1,1,1,0,1,1,1,1,0,685619,45421,26885,4160,29012,13742,2463,358,19094,4086,28949,9431,2387,338,280462,292971,7050,9652,6,2.28333,0.067062027,0.012027088,0.084538206,0.510182515,0.106778803,0.015323309,0.192745951,0.084414408
Rhizobium etli,Rhizobium,etli,1,1,1,1,1,0,1,1,1,1,0,691701,95561,56487,14463,46746,21485,7509,1881,28433,13933,41732,10009,5335,1630,290566,199341,16997,30715,5,2.08333,0.122769809,0.04105242,0.127913651,0.329569594,0.134406295,0.03674093,0.31710282,0.152209597
Rhodobacter sphaeroides,Rhodobacter,sphaeroides,1,1,1,1,1,0,1,0,1,1,0,566149,30249,17648,6750,71683,6829,5500,404,8926,10560,64558,3199,2673,388,197610,188414,3884,7372,6,2.28333,0.046938174,0.03057499,0.240645131,0.331515091,0.27019075,0.026182684,0.333867652,0.146219623
Rhodococcus erythropolis,Rhodococcus,erythropolis,1,1,1,0,0,0,1,1,1,1,0,802157,278472,10830,4560,7179,8348,3387,1641,8451,4116,6981,6871,3464,1553,420007,340033,117175,136033,4,1.83333,0.024036442,0.010815838,0.017652405,0.054651814,0.024602114,0.011469735,0.0623535,0.034011062
Rhodococcus jostii,Rhodococcus,jostii,1,1,1,0,0,0,1,1,1,1,0,1188942,179507,0,0,0,0,0,0,0,0,0,0,0,0,641522,547420,89566,89941,2,1,0,0,0,0,0,0,0,0
Rhodococcus opacus,Rhodococcus,opacus,1,1,1,0,0,0,1,1,1,1,0,1118816,152585,22960,12950,68484,22754,10832,3293,20663,10943,69275,20417,12889,3448,495872,417669,39129,39823,2,1,0.038990325,0.021355612,0.123129272,0.282930825,0.155460891,0.044178655,0.2193706,0.2193706
Rhodopseudomonas palustris,Rhodopseudomonas,palustris,1,1,1,1,1,0,1,0,1,1,0,614982,28036,35287,12006,79520,7318,3204,621,21347,14497,79617,3472,2239,511,189645,183063,4405,6266,4,1.83333,0.0920905,0.04309557,0.258766923,0.38486232,0.194143244,0.040376659,0.403781854,0.220245048
Rhodospirillum rubrum,Rhodospirillum,rubrum,1,1,1,1,1,0,1,0,1,1,0,688976,82848,3,1,0,3,0,0,3,1,1,0,0,0,403704,285263,22250,60595,2,1,8.70858E-06,2.90286E-06,1.45143E-06,3.62109E-05,0,0,1.55476E-05,1.55476E-05
Rhodothermus marinus,Rhodothermus,marinus,1,1,1,1,1,0,1,0,0,1,1,481415,68563,9834,1973,6772,9740,2011,550,8366,2174,6740,8292,1813,623,205646,239910,19693,25841,2,1,0.03780522,0.008614189,0.02806726,0.262998994,0.055773522,0.017108353,0.107073374,0.107073374
Rickettsia akari,Rickettsia,akari,1,1,1,1,1,0,1,0,0,1,0,23663,77353,0,0,0,0,0,0,0,0,0,0,0,0,11370,12293,32549,44804,2,1,0,0,0,0,0,0,0,0
Rickettsia australis,Rickettsia,australis,1,1,1,1,1,0,1,0,1,1,0,24891,82232,0,0,0,0,0,0,0,0,0,0,0,0,12162,12729,34684,47548,2,1,0,0,0,0,0,0,0,0
Rickettsia bellii,Rickettsia,bellii,1,1,1,1,1,0,1,0,1,1,0,25189,100306,41,15,2,48,26,22,40,17,1,38,12,19,12723,12350,42544,57597,2,1,0.003215689,0.001270396,0.0001191,0.000857376,0.000378841,0.000408749,0.002239133,0.002239133
Rickettsia canadensis,Rickettsia,canadensis,1,1,1,1,1,0,1,0,1,1,0,20010,77218,279,64,26,288,63,20,268,65,49,286,65,29,9400,9859,32120,44347,2,1,0.027336332,0.006446777,0.003748126,0.0074335,0.001657645,0.000634567,0.015448225,0.015448225
Rickettsia felis,Rickettsia,felis,1,1,1,1,1,0,1,0,1,1,0,27235,86803,0,0,0,0,0,0,0,0,0,0,0,0,13459,13776,36232,50571,2,1,0,0,0,0,0,0,0,0
Rickettsia montanensis,Rickettsia,montanensis,1,1,1,1,1,0,1,0,1,1,0,27057,85472,0,0,0,0,0,0,0,0,0,0,0,0,13368,13689,35933,49539,2,1,0,0,0,0,0,0,0,0
Rickettsia prowazekii,Rickettsia,prowazekii,1,1,1,1,1,0,1,0,0,1,0,14169,72288,32,10,2,16,4,9,31,13,3,18,14,19,6490,7588,31252,40956,2,1,0.004446326,0.001623262,0.000352883,0.000470341,0.000249004,0.00038734,0.001977862,0.001977862
Rickettsia rickettsii,Rickettsia,rickettsii,1,1,1,1,1,0,1,0,1,1,0,25875,82713,96,50,3,90,36,5,118,50,7,100,32,9,12640,12911,34831,47610,2,1,0.008270531,0.003864734,0.000386473,0.0022971,0.00082212,0.00016926,0.005488636,0.005488636
Rickettsia typhi,Rickettsia,typhi,1,1,1,1,1,0,1,0,0,1,0,15392,80608,1,0,0,1,0,0,1,0,0,1,0,0,6973,8417,35106,45500,2,1,0.000129938,0,0,2.48114E-05,0,0,4.16667E-05,4.16667E-05
Riemerella anatipestifer,Riemerella,anatipestifer,1,1,1,1,1,0,1,1,0,1,0,40235,115450,3123,608,256,3396,1024,1815,3318,976,252,3670,673,1866,15188,16514,44832,58174,9,2.71786,0.160084504,0.039368709,0.012625823,0.061203984,0.014699004,0.031883932,0.13474002,0.049575776
Roseobacter denitrificans,Roseobacter,denitrificans,1,1,1,1,1,0,1,1,1,1,0,486955,142638,0,0,0,0,0,0,0,0,0,0,0,0,233681,253274,58245,84393,1,0,0,0,0,0,0,0,0,#DIV/0!
Rothia mucilaginosa,Rothia,mucilaginosa,1,1,1,0,0,0,1,1,1,1,0,250955,102630,10506,1534,3235,10512,2738,1023,3851,2644,3043,3895,1579,995,127383,98759,18963,62925,2,1,0.05720946,0.016648403,0.025016437,0.140378057,0.042063724,0.019662867,0.128837479,0.128837479
Ruminiclostridium thermocellum,Ruminiclostridium,thermocellum,1,1,1,1,1,0,1,0,0,1,0,152608,211364,313,136,80,283,144,184,315,134,88,296,129,169,73280,78262,99272,110887,3,1.5,0.004115118,0.001769239,0.00110086,0.00273935,0.001291611,0.001670105,0.006239491,0.004159661
Salinibacter ruber,Salinibacter,ruber,1,1,1,1,1,0,1,0,1,1,1,498837,65607,2293,554,1902,2333,485,141,2129,507,2030,2111,569,133,255637,233785,28175,31660,2,1,0.008864619,0.002126947,0.007882334,0.067736674,0.016065359,0.004176384,0.026906124,0.026906124
Salinispora arenicola,Salinispora,arenicola,1,1,1,0,0,0,1,1,1,1,1,680938,102089,0,0,0,0,0,0,0,0,0,0,0,0,346747,334191,46420,55669,1,0,0,0,0,0,0,0,0,#DIV/0!
Salinispora tropica,Salinispora,tropica,1,1,1,0,0,0,1,1,1,1,1,679692,102170,0,0,0,0,0,0,0,0,0,0,0,0,347240,332452,45234,56936,1,0,0,0,0,0,0,0,0,#DIV/0!
Salmonella bongori,Salmonella,bongori,1,1,1,1,1,1,1,1,1,1,1,346187,175920,4038,905,1398,2753,1264,615,3550,1285,1542,2309,860,572,148550,184919,63564,103983,4,1.83333,0.02191879,0.006326061,0.00849252,0.028774443,0.01207367,0.006747385,0.040395934,0.022034186
Serratia proteamaculans,Serratia,proteamaculans,1,1,1,1,1,1,1,1,1,1,1,565227,191754,0,0,0,0,0,0,0,0,0,0,0,0,261167,304060,70421,121333,4,1.83333,0,0,0,0,0,0,0,0
Shewanella baltica,Shewanella,baltica,1,1,1,1,1,1,1,1,1,1,0,313841,234448,22300,5536,3701,13764,4385,6247,15243,5835,3690,8453,3203,5480,141907,115629,71782,121134,2,1,0.119624268,0.036231722,0.023550142,0.094763018,0.032365386,0.050019621,0.178440567,0.178440567
Shewanella halifaxensis,Shewanella,halifaxensis,1,1,1,1,1,1,1,1,1,1,0,248147,312893,0,0,0,0,0,0,0,0,0,0,0,0,137992,110155,128465,184428,1,0,0,0,0,0,0,0,0,#DIV/0!
Shewanella oneidensis,Shewanella,oneidensis,1,1,1,1,1,1,1,1,1,1,0,303401,256220,0,0,0,0,0,0,0,0,0,0,0,0,170379,133022,100863,155357,2,1,0,0,0,0,0,0,0,0
Shewanella pealeana,Shewanella,pealeana,1,1,1,1,1,1,1,1,1,1,0,244344,317191,0,0,0,0,0,0,0,0,0,0,0,0,137745,106599,130130,187061,1,0,0,0,0,0,0,0,0,#DIV/0!
Shewanella putrefaciens,Shewanella,putrefaciens,1,1,1,1,1,1,1,1,1,1,0,261327,279819,3867,1295,984,3747,1436,1805,2553,1502,1012,2496,1299,1678,139982,110132,106991,160367,2,1,0.024566922,0.010703066,0.00763794,0.022310851,0.009774175,0.012447332,0.043747898,0.043747898
Shigella dysenteriae,Shigella,dysenteriae,1,1,1,1,1,1,1,1,1,1,1,287604,167627,0,0,0,0,0,0,0,0,0,0,0,0,126100,161504,61116,106511,4,1.83333,0,0,0,0,0,0,0,0
Shigella flexneri,Shigella,flexneri,1,1,1,1,1,1,1,1,1,1,1,292315,166496,1281,628,1193,1197,1007,485,1086,1107,1396,874,615,526,124892,160732,58309,103483,4,1.83333,0.008097429,0.005935378,0.008856884,0.012438737,0.009741976,0.006072218,0.024835935,0.013546898
Sinorhizobium medicae,Sinorhizobium,medicae,1,1,1,1,1,0,1,1,1,1,0,776543,200993,0,0,0,0,0,0,0,0,0,0,0,0,435778,340765,82786,118207,8,2.59286,0,0,0,0,0,0,0,0
Sinorhizobium meliloti,Sinorhizobium,meliloti,1,1,1,1,1,0,1,1,1,1,0,751583,149302,5285,1897,4250,3817,1359,447,3589,1754,4153,2528,1289,427,415565,315090,55763,83672,8,2.59286,0.011807079,0.004857747,0.011180402,0.042497756,0.017735864,0.005853907,0.034183053,0.013183532
Sphingobium japonicum,Sphingobium,japonicum,1,1,1,1,1,0,1,1,1,1,0,546811,50608,0,0,0,0,0,0,0,0,0,0,0,0,278336,268475,20413,30195,1,0,0,0,0,0,0,0,0,#DIV/0!
Spirochaeta thermophila,Spirochaeta,thermophila,1,1,1,1,1,0,1,0,0,1,0,335240,70721,6434,2579,6643,6116,2487,713,5331,2646,6685,5135,2480,726,171575,133347,25740,27324,2,1,0.035094261,0.015585849,0.039756592,0.159089945,0.070233735,0.020347563,0.118176377,0.118176377
Staphylococcus aureus,Staphylococcus,aureus,1,1,1,1,1,0,1,1,1,1,0,30993,127816,3307,894,277,3564,1508,4629,4127,1231,287,4564,1172,4466,8692,12178,53652,54261,108,5.25471,0.239860614,0.068563869,0.018197658,0.063591413,0.020967641,0.071156976,0.189069889,0.035981032
Staphylococcus carnosus,Staphylococcus,carnosus,1,1,1,1,1,0,1,1,1,1,0,54839,192785,0,0,0,0,0,0,0,0,0,0,0,0,26437,28402,93315,99470,1,0,0,0,0,0,0,0,0,#DIV/0!
Staphylococcus epidermidis,Staphylococcus,epidermidis,1,1,1,1,1,0,1,1,1,1,0,41824,181090,844,208,56,814,257,589,783,272,65,751,257,630,19096,20500,83126,94666,4,1.83333,0.038901109,0.011476664,0.002893076,0.008642112,0.002838368,0.006731459,0.024789829,0.01352175
Staphylococcus haemolyticus,Staphylococcus,haemolyticus,1,1,1,1,1,0,1,1,1,1,0,46094,198351,487,215,64,471,276,829,583,238,80,592,227,794,21161,23266,91805,103357,2,1,0.023213433,0.009827743,0.003124051,0.005359186,0.002535909,0.008182464,0.019865409,0.019865409
Staphylococcus lugdunensis,Staphylococcus,lugdunensis,1,1,1,1,1,0,1,1,1,1,0,60801,191994,680,160,45,563,133,293,617,186,70,597,157,261,29188,29855,94271,95719,4,1.83333,0.021331886,0.005690696,0.001891416,0.006041855,0.001510464,0.002885507,0.014881623,0.008117264
Staphylococcus pseudintermedius,Staphylococcus,pseudintermedius,1,1,1,1,1,0,1,1,1,1,0,91214,161705,941,256,205,787,350,550,1178,318,198,1034,267,501,36877,51241,78276,79940,3,1.5,0.023231083,0.006292894,0.004418181,0.011261247,0.00381559,0.00649949,0.026036004,0.017357336
Staphylococcus saprophyticus,Staphylococcus,saprophyticus,1,1,1,1,1,0,1,1,1,1,0,55126,185655,216,55,30,218,80,145,222,59,35,222,81,150,25774,28735,91071,93688,3,1.5,0.007945434,0.00206799,0.001179117,0.002369987,0.0008672,0.001588969,0.006283718,0.004189146
Stenotrophomonas maltophilia,Stenotrophomonas,maltophilia,1,1,1,1,1,0,1,1,1,1,1,581752,40631,56245,8733,43351,15248,1937,531,36017,9731,41263,6490,1379,378,182327,204085,4472,10196,7,2.45,0.158593352,0.03173861,0.145446857,0.535010214,0.081612562,0.02237208,0.355573658,0.145132105
Streptococcus agalactiae,Streptococcus,agalactiae,1,1,1,1,1,0,1,1,1,1,0,34584,134640,1869,347,73,1687,481,594,1367,333,89,1409,379,533,16881,13625,53273,76284,22,3.64536,0.093569281,0.019662272,0.004684247,0.022994652,0.006387403,0.008370469,0.054135347,0.01485048
Streptococcus dysgalactiae,Streptococcus,dysgalactiae,1,1,1,1,1,0,1,1,1,1,0,57447,115965,1689,529,309,1581,637,1056,942,595,325,851,505,1016,31038,22020,42509,67810,48,4.43796,0.045798736,0.019565861,0.01103626,0.020971845,0.009847799,0.01786746,0.057867968,0.013039317
Streptococcus equi,Streptococcus,equi,1,1,1,1,1,0,1,1,1,1,0,73543,129805,5425,1054,518,4923,1094,1188,3578,1127,524,3343,928,1106,36135,25182,48251,68972,5,2.08333,0.122418177,0.02965612,0.014168582,0.063680136,0.015577212,0.017672663,0.121997758,0.058559017
Streptococcus gallolyticus,Streptococcus,gallolyticus,1,1,1,1,1,0,1,1,1,1,0,47762,142970,2679,478,198,2161,648,1347,2013,645,219,1558,525,1227,21834,19696,51468,84036,1,0,0.098237092,0.023512416,0.00873079,0.02601245,0.008204518,0.018003777,0.071818048,#DIV/0!
Streptococcus gordonii,Streptococcus,gordonii,1,1,1,1,1,0,1,1,1,1,0,90558,170890,6440,1616,646,6361,1895,3287,4369,1887,673,4369,1584,3332,42707,32220,60042,90020,2,1,0.119359968,0.038682391,0.014565251,0.062788929,0.020358125,0.038732518,0.139450292,0.139450292
Streptococcus mitis,Streptococcus,mitis,1,1,1,1,1,0,1,1,1,1,0,64519,135085,10311,2825,967,9237,3349,5851,5221,2501,960,5286,2373,5149,25688,16046,41905,61935,31,3.99499,0.240735287,0.082549327,0.029867171,0.107510086,0.042358515,0.081430211,0.270685958,0.067756354
Streptococcus mutans,Streptococcus,mutans,1,1,1,1,1,0,1,1,1,1,0,60011,149604,2104,284,99,1597,334,496,1230,324,81,976,242,475,33157,22732,49998,95486,6,2.28333,0.055556481,0.010131476,0.00299945,0.017198738,0.003850164,0.006490468,0.039319705,0.017220334
Streptococcus oralis,Streptococcus,oralis,1,1,1,1,1,0,1,1,1,1,0,78658,151130,0,0,0,0,0,0,0,0,0,0,0,0,48354,30304,62491,88639,31,3.99499,0,0,0,0,0,0,0,0
Streptococcus parasanguinis,Streptococcus,parasanguinis,1,1,1,1,1,0,1,1,1,1,0,100235,150337,4210,1252,800,4179,1435,2215,2799,1374,863,2877,1250,2129,52554,36383,59663,76589,2,1,0.069925675,0.026198434,0.016591011,0.046934554,0.017859875,0.028895082,0.101300225,0.101300225
Streptococcus parauberis,Streptococcus,parauberis,1,1,1,1,1,0,1,1,1,1,0,43686,142216,652,323,100,679,261,913,360,314,112,376,328,863,26045,15780,59419,79377,2,1,0.023165316,0.01458133,0.004852813,0.007418293,0.004141587,0.012488046,0.02840744,0.02840744
Streptococcus pneumoniae,Streptococcus,pneumoniae,1,1,1,1,1,0,1,1,1,1,0,54289,111668,4717,1086,380,3485,1096,1721,2392,983,332,2037,849,1540,27229,17170,40205,60735,31,3.99499,0.130947337,0.038110851,0.013114996,0.049450156,0.017417702,0.029202636,0.124237001,0.031098201
Streptococcus pseudopneumoniae,Streptococcus,pseudopneumoniae,1,1,1,1,1,0,1,1,1,1,0,76053,158686,0,0,0,0,0,0,0,0,0,0,0,0,46329,29724,65316,93370,31,3.99499,0,0,0,0,0,0,0,0
Streptococcus pyogenes,Streptococcus,pyogenes,1,1,1,1,1,0,1,1,1,1,0,39463,94474,3259,657,294,2451,761,1159,1692,665,295,1383,613,1042,19213,13388,33932,53133,48,4.43796,0.125459291,0.033499734,0.014925373,0.040582594,0.014543684,0.023297415,0.106550094,0.0240088
Streptococcus salivarius,Streptococcus,salivarius,1,1,1,1,1,0,1,1,1,1,0,62923,162688,8437,1794,647,7813,2472,4680,4259,1871,656,4285,1655,3850,28343,16916,48611,89322,10,2.82897,0.201770418,0.058245792,0.020707849,0.074363198,0.025367575,0.052431648,0.188018315,0.066461756
Streptococcus thermophilus,Streptococcus,thermophilus,1,1,1,1,1,0,1,1,1,1,0,46099,128101,1107,252,96,984,319,542,708,348,82,615,249,599,26531,16975,44650,80143,10,2.82897,0.039371787,0.013015467,0.003861255,0.012482338,0.004434001,0.008907034,0.033874856,0.011974272
Streptomyces cattleya,Streptomyces,cattleya,1,1,1,0,0,0,1,1,1,1,1,1442784,87410,5,12,35,12,6,1,5,11,53,7,17,0,808244,634419,40590,46777,2,1,6.93104E-06,1.59414E-05,6.09932E-05,0.000217366,0.000263128,1.14403E-05,0.000107176,0.000107176
Streptomyces griseus,Streptomyces,griseus,1,1,1,0,0,0,1,1,1,1,1,1273841,77522,0,0,0,0,0,0,0,0,0,0,0,0,725049,548792,36804,40718,1,0,0,0,0,0,0,0,0,#DIV/0!
Sulfurospirillum barnesii,Sulfurospirillum,barnesii,1,1,1,0,1,0,1,1,0,1,0,94721,140340,0,0,0,0,0,0,0,0,0,0,0,0,52614,42107,58088,82252,1,0,0,0,0,0,0,0,0,#DIV/0!
Sulfurospirillum deleyianum,Sulfurospirillum,deleyianum,1,1,1,0,1,0,1,1,0,1,0,98943,136872,0,0,0,0,0,0,0,0,0,0,0,0,52491,46452,55001,81871,1,0,0,0,0,0,0,0,0,#DIV/0!
Synechococcus elongatus,Synechococcus,elongatus,1,1,1,1,1,0,1,0,1,1,0,277835,141222,69,24,43,68,15,10,44,23,41,54,18,20,150069,127522,58591,82446,2,1,0.000406716,0.000169165,0.000302338,0.000863888,0.000233675,0.000212431,0.001023727,0.001023727
Tannerella forsythia,Tannerella,forsythia,1,1,1,1,1,0,1,1,0,1,0,241257,152088,3029,752,745,2421,651,675,2964,748,715,2394,649,661,108208,124096,70241,74396,3,1.5,0.02484073,0.006217436,0.006051638,0.031659303,0.008547683,0.008784388,0.041703848,0.027802565
Taylorella equigenitalis,Taylorella,equigenitalis,1,1,1,1,1,0,1,1,1,1,0,47585,167111,204,69,22,165,68,251,163,92,25,114,58,263,25467,21543,66723,99469,2,1,0.007712514,0.003383419,0.000987706,0.001669549,0.00075399,0.0030758,0.006958676,0.006958676
Tepidanaerobacter acetatoxydans,Tepidanaerobacter,acetatoxydans,1,1,1,1,1,0,1,0,0,1,0,104371,206309,2,1,1,1,1,0,0,0,0,1,0,2,56076,48291,100152,106152,2,1,1.91624E-05,9.58121E-06,9.58121E-06,9.6942E-06,4.8471E-06,9.6942E-06,2.89687E-05,2.89687E-05
Thermoanaerobacter italicus,Thermoanaerobacter,italicus,1,1,1,1,1,0,1,0,0,1,0,54846,177367,0,0,0,0,0,0,0,0,0,0,0,0,25641,29205,84933,92434,1,0,0,0,0,0,0,0,0,#DIV/0!
Thermoanaerobacter wiegelii,Thermoanaerobacter,wiegelii,1,1,1,1,1,0,1,0,0,1,0,53850,175619,0,0,0,0,0,0,0,0,0,0,0,0,25593,28257,84382,91237,1,0,0,0,0,0,0,0,0,#DIV/0!
Thermoanaerobacterium thermosaccharolyticum,Thermoanaerobacterium,thermosaccharolyticum,1,1,1,1,1,0,1,0,0,1,0,59202,183935,2383,1101,398,2442,1102,2701,2662,1197,391,2813,1133,2745,23199,27871,88681,82318,1,0,0.085216716,0.038816256,0.013327252,0.028569875,0.012151032,0.029608286,0.086650736,#DIV/0!
Thermoanaerobacterium xylanolyticum,Thermoanaerobacterium,xylanolyticum,1,1,1,1,1,0,1,0,0,1,0,60971,164638,0,0,0,0,0,0,0,0,0,0,0,0,28725,32246,83065,81573,1,0,0,0,0,0,0,0,0,#DIV/0!
Thermotoga neapolitana,Thermotoga,neapolitana,1,1,1,1,1,0,1,0,0,1,1,129733,116104,0,0,0,0,0,0,0,0,0,0,0,0,62849,66884,52531,63573,1,0,0,0,0,0,0,0,0,#DIV/0!
Thermus scotoductus,Thermus,scotoductus,1,1,1,1,1,0,1,0,1,1,1,300642,54396,0,0,0,0,0,0,0,0,0,0,0,0,169164,131478,18379,36017,1,0,0,0,0,0,0,0,0,#DIV/0!
Thermus thermophilus,Thermus,thermophilus,1,1,1,1,1,0,1,0,1,1,1,317864,22190,8631,988,6570,3375,652,153,4043,1120,6084,1554,504,128,174488,115940,4953,10871,4,1.83333,0.039872398,0.006631767,0.039809478,0.222127084,0.052095539,0.012663362,0.09940186,0.054219295
Thioalkalimicrobium aerophilum,Thioalkalimicrobium,aerophilum,1,1,1,1,1,0,1,1,1,1,0,117605,102415,0,0,0,0,0,0,0,0,0,0,0,0,62031,55574,40335,62080,1,0,0,0,0,0,0,0,0,#DIV/0!
Thioalkalimicrobium cyclicum,Thioalkalimicrobium,cyclicum,1,1,1,1,1,0,1,1,1,1,0,115964,104234,0,0,0,0,0,0,0,0,0,0,0,0,61841,54123,41282,62952,1,0,0,0,0,0,0,0,0,#DIV/0!
Thioalkalivibrio paradoxus,Thioalkalivibrio,paradoxus,1,1,1,1,1,0,1,0,1,1,0,454351,61943,0,0,0,0,0,0,0,0,0,0,0,0,212483,241868,29136,32807,1,0,0,0,0,0,0,0,0,#DIV/0!
Treponema pallidum,Treponema,pallidum,1,1,1,1,1,0,1,0,0,1,0,92796,75066,24,9,26,31,25,17,26,26,32,37,13,9,38439,54214,31046,43888,1,0,0.000538816,0.000377171,0.000625027,0.00090587,0.000506221,0.000346362,0.00163825,#DIV/0!
Ureaplasma parvum,Ureaplasma,parvum,1,0,0,0,0,0,1,1,1,1,0,6251,51957,66,11,4,68,11,19,53,11,4,55,9,21,3081,3021,23778,27996,3,1.5,0.019036954,0.003519437,0.001279795,0.002367342,0.000384934,0.000769867,0.005703683,0.003802456
Ureaplasma urealyticum,Ureaplasma,urealyticum,1,0,0,0,0,0,1,1,1,1,0,6373,61241,0,0,0,0,0,0,0,0,0,0,0,0,3174,3199,28386,32855,3,1.5,0,0,0,0,0,0,0,0
Variovorax paradoxus,Variovorax,paradoxus,1,1,1,1,1,0,1,1,1,1,0,960072,71974,13411,4816,35706,13847,4946,685,10322,4886,35886,10518,5140,697,455789,399256,15691,20450,2,1,0.024720021,0.010105492,0.074569407,0.338525023,0.140133937,0.019201378,0.136486164,0.136486164
Vibrio anguillarum,Vibrio,anguillarum,1,1,1,1,1,1,1,1,1,1,0,227389,259319,35,24,19,56,39,38,32,27,12,53,33,58,115141,112099,104909,154133,2,1,0.000294649,0.000224285,0.00013633,0.000420332,0.00027765,0.0003702,0.000875268,0.000875268
Vibrio antiquarius,Vibrio,antiquarius,1,1,1,1,1,1,1,1,1,1,0,272824,375732,0,0,0,0,0,0,0,0,0,0,0,0,131362,141462,158124,217608,10,2.82897,0,0,0,0,0,0,0,0
Vibrio campbellii,Vibrio,campbellii,1,1,1,1,1,1,1,1,1,1,0,280607,400847,20,10,12,34,16,25,15,16,11,17,18,19,134203,146320,168321,232397,10,2.82897,0.00012473,9.26563E-05,8.19652E-05,0.000127231,8.48204E-05,0.000109768,0.000312567,0.000110488
Vibrio fischeri,Vibrio,fischeri,1,1,1,1,1,1,1,1,1,1,0,111814,334802,0,0,0,0,0,0,0,0,0,0,0,0,53458,58356,139124,195678,1,0,0,0,0,0,0,0,0,#DIV/0!
Vibrio furnissii,Vibrio,furnissii,1,1,1,1,1,1,1,1,1,1,0,392464,185039,0,0,0,0,0,0,0,0,0,0,0,0,178227,214237,75150,109889,1,0,0,0,0,0,0,0,0,#DIV/0!
Vibrio parahaemolyticus,Vibrio,parahaemolyticus,1,1,1,1,1,1,1,1,1,1,0,260980,331068,15090,3894,1570,10212,4304,5770,14278,5195,1712,8131,3061,5266,101528,117713,121407,172917,10,2.82897,0.112529696,0.034826423,0.012575676,0.055405536,0.022246185,0.033334542,0.132561887,0.046858711
Vibrio vulnificus,Vibrio,vulnificus,1,1,1,1,1,1,1,1,1,1,0,311037,272958,14499,3486,2504,10158,3760,3771,12311,4267,2531,7267,2629,3549,134984,136455,95831,145993,6,2.28333,0.086195533,0.024926295,0.016187785,0.06383766,0.023406531,0.026817313,0.121117475,0.053044227
Wolbachia endosymbiont,Wolbachia,endosymbiont,1,1,1,1,1,0,1,0,1,1,0,15026,59937,101,6,2,105,6,4,93,7,2,124,5,4,7013,7802,28272,31417,2,1,0.012910954,0.000865167,0.000266205,0.003820678,0.000183526,0.000133473,0.006123021,0.006123021
Xanthomonas axonopodis,Xanthomonas,axonopodis,1,1,1,1,1,0,1,1,1,1,1,628361,94923,12293,3206,12649,12152,3945,845,10389,3280,12733,10074,3932,770,284989,288822,26772,36433,17,3.38073,0.036097084,0.010322092,0.040393977,0.234147678,0.082983049,0.01701379,0.119272651,0.035280147
Xanthomonas campestris,Xanthomonas,campestris,1,1,1,1,1,0,1,1,1,1,1,572315,62274,33362,8981,53721,19993,5030,741,24262,8899,54776,13214,4797,722,185397,202917,7014,10763,17,3.38073,0.100685811,0.031241537,0.189575671,0.533240197,0.157802614,0.023492951,0.360072425,0.1065073
Xanthomonas oryzae,Xanthomonas,oryzae,1,1,1,1,1,0,1,1,1,1,1,442699,73010,6268,2331,3257,3280,909,195,5022,2645,3308,2512,830,202,209588,210280,27253,37829,17,3.38073,0.025502655,0.011240143,0.014829489,0.079331598,0.023818655,0.005437611,0.059644102,0.017642374
Xenorhabdus bovienii,Xenorhabdus,bovienii,1,1,1,1,1,1,1,1,1,1,1,225373,216138,9401,2199,1901,9006,2702,1662,7205,2696,1879,6905,2215,1686,94341,105751,77018,114944,2,1,0.073682296,0.021719549,0.016772195,0.073615005,0.022749355,0.015490104,0.112017594,0.112017594
Xylella fastidiosa,Xylella,fastidiosa,1,1,1,1,1,0,1,1,1,1,1,151234,115733,4737,1277,1686,3876,1389,338,3801,1327,1633,3187,1256,299,69857,66916,43369,62019,7,2.45,0.056455559,0.01721835,0.021946123,0.061028402,0.022854328,0.005504048,0.092917851,0.037925654
Yersinia enterocolitica,Yersinia,enterocolitica,1,1,1,1,1,1,1,1,1,1,1,277290,222157,16646,3033,2923,10896,5258,3157,13171,3872,3067,7449,3934,2898,112354,122224,71909,116656,1,0,0.107530023,0.024901727,0.021601933,0.082576736,0.041376144,0.027255499,0.152776971,#DIV/0!
Yersinia pestis,Yersinia,pestis,1,1,1,1,1,1,1,1,1,1,1,220487,173900,1269,735,1252,1204,1078,611,778,1005,1140,799,693,585,103323,110985,66126,102804,1,0,0.009283994,0.007891622,0.010848712,0.011518114,0.010184014,0.006877516,0.028269187,#DIV/0!
Zymomonas mobilis,Zymomonas,mobilis,1,1,1,1,1,0,1,0,1,1,0,131756,124011,22212,8359,9615,17056,10024,8293,9795,11987,8717,6431,5592,7165,32198,28873,18299,51151,8,2.59286,0.242926318,0.15442181,0.139135979,0.189394489,0.125924313,0.124650233,0.48968788,0.188860131
