"","p_d_node","p_state","d_state","change","p_pp","d_pp","dpp>ppp"
"1","1094_1095",1,1,0,1,1,0
"2","1095_1096",1,1,0,1,1,0
"3","1096_1",1,1,0,1,1,0
"4","1096_1097",1,1,0,1,1,0
"5","1097_1098",1,1,0,1,1,0
"6","1098_1099",1,1,0,1,1,0
"7","1099_1100",1,1,0,1,1,0
"8","1100_2",1,1,0,1,1,0
"9","1100_3",1,1,0,1,1,0
"10","1099_1101",1,1,0,1,1,0
"11","1101_4",1,1,0,1,1,0
"12","1101_5",1,1,0,1,1,0
"13","1098_1102",1,1,0,1,1,0
"14","1102_1103",1,1,0,1,1,0
"15","1103_6",1,1,0,1,1,0
"16","1103_7",1,1,0,1,1,0
"17","1102_1104",1,1,0,1,1,0
"18","1104_8",1,1,0,1,1,0
"19","1104_9",1,1,0,1,1,0
"20","1097_1105",1,1,0,1,1,0
"21","1105_1106",1,1,0,1,1,0
"22","1106_10",1,1,0,1,1,0
"23","1106_11",1,1,0,1,1,0
"24","1105_1107",1,1,0,1,1,0
"25","1107_12",1,1,0,1,1,0
"26","1107_13",1,1,0,1,1,0
"27","1095_1108",1,1,0,1,0.998,0
"28","1108_14",1,0,1,0.998,1,1
"29","1108_1109",1,1,0,0.998,1,1
"30","1109_15",1,1,0,1,1,0
"31","1109_16",1,1,0,1,1,0
"32","1094_1110",1,1,0,1,1,0
"33","1110_1111",1,1,0,1,1,0
"34","1111_1112",1,1,0,1,0.996,0
"35","1112_17",1,0,1,0.996,1,1
"36","1112_1113",1,1,0,0.996,1,1
"37","1113_1114",1,1,0,1,1,0
"38","1114_18",1,1,0,1,1,0
"39","1114_19",1,1,0,1,1,0
"40","1113_20",1,1,0,1,1,0
"41","1111_1115",1,1,0,1,1,0
"42","1115_1116",1,1,0,1,1,0
"43","1116_1117",1,1,0,1,1,0
"44","1117_1118",1,1,0,1,1,0
"45","1118_1119",1,1,0,1,1,0
"46","1119_21",1,1,0,1,1,0
"47","1119_22",1,1,0,1,1,0
"48","1118_23",1,1,0,1,1,0
"49","1117_1120",1,1,0,1,1,0
"50","1120_1121",1,1,0,1,1,0
"51","1121_24",1,1,0,1,1,0
"52","1121_1122",1,1,0,1,1,0
"53","1122_1123",1,1,0,1,1,0
"54","1123_1124",1,1,0,1,1,0
"55","1124_25",1,1,0,1,1,0
"56","1124_26",1,1,0,1,1,0
"57","1123_1125",1,1,0,1,1,0
"58","1125_1126",1,1,0,1,1,0
"59","1126_27",1,1,0,1,1,0
"60","1126_28",1,1,0,1,1,0
"61","1125_1127",1,1,0,1,1,0
"62","1127_1128",1,1,0,1,1,0
"63","1128_29",1,1,0,1,1,0
"64","1128_30",1,1,0,1,1,0
"65","1127_31",1,1,0,1,1,0
"66","1122_32",1,1,0,1,1,0
"67","1120_1129",1,1,0,1,1,0
"68","1129_1130",1,1,0,1,1,0
"69","1130_1131",1,1,0,1,1,0
"70","1131_33",1,1,0,1,1,0
"71","1131_34",1,1,0,1,1,0
"72","1130_35",1,1,0,1,1,0
"73","1129_1132",1,1,0,1,1,0
"74","1132_1133",1,1,0,1,1,0
"75","1133_1134",1,1,0,1,1,0
"76","1134_36",1,1,0,1,1,0
"77","1134_37",1,1,0,1,1,0
"78","1133_1135",1,1,0,1,1,0
"79","1135_1136",1,1,0,1,1,0
"80","1136_38",1,1,0,1,1,0
"81","1136_1137",1,1,0,1,1,0
"82","1137_39",1,1,0,1,1,0
"83","1137_40",1,1,0,1,1,0
"84","1135_1138",1,1,0,1,1,0
"85","1138_1139",1,1,0,1,1,0
"86","1139_41",1,1,0,1,1,0
"87","1139_1140",1,1,0,1,1,0
"88","1140_42",1,1,0,1,1,0
"89","1140_43",1,1,0,1,1,0
"90","1138_44",1,1,0,1,1,0
"91","1132_45",1,1,0,1,1,0
"92","1116_1141",1,1,0,1,1,0
"93","1141_1142",1,1,0,1,1,0
"94","1142_1143",1,1,0,1,1,0
"95","1143_1144",1,1,0,1,1,0
"96","1144_46",1,1,0,1,1,0
"97","1144_1145",1,1,0,1,1,0
"98","1145_1146",1,1,0,1,1,0
"99","1146_47",1,1,0,1,1,0
"100","1146_1147",1,1,0,1,1,0
"101","1147_1148",1,1,0,1,1,0
"102","1148_48",1,1,0,1,1,0
"103","1148_49",1,1,0,1,1,0
"104","1147_50",1,1,0,1,1,0
"105","1145_1149",1,1,0,1,1,0
"106","1149_51",1,1,0,1,1,0
"107","1149_1150",1,1,0,1,1,0
"108","1150_52",1,1,0,1,1,0
"109","1150_53",1,1,0,1,1,0
"110","1143_1151",1,1,0,1,1,0
"111","1151_1152",1,1,0,1,1,0
"112","1152_1153",1,1,0,1,1,0
"113","1153_1154",1,1,0,1,1,0
"114","1154_1155",1,1,0,1,1,0
"115","1155_54",1,1,0,1,1,0
"116","1155_55",1,1,0,1,1,0
"117","1154_1156",1,1,0,1,1,0
"118","1156_1157",1,1,0,1,1,0
"119","1157_1158",1,1,0,1,1,0
"120","1158_56",1,1,0,1,1,0
"121","1158_57",1,1,0,1,1,0
"122","1157_1159",1,1,0,1,1,0
"123","1159_58",1,1,0,1,1,0
"124","1159_59",1,1,0,1,1,0
"125","1156_1160",1,1,0,1,1,0
"126","1160_1161",1,1,0,1,1,0
"127","1161_1162",1,1,0,1,1,0
"128","1162_60",1,1,0,1,1,0
"129","1162_61",1,1,0,1,1,0
"130","1161_1163",1,1,0,1,1,0
"131","1163_62",1,1,0,1,1,0
"132","1163_63",1,1,0,1,1,0
"133","1160_1164",1,1,0,1,1,0
"134","1164_1165",1,1,0,1,1,0
"135","1165_64",1,1,0,1,1,0
"136","1165_65",1,1,0,1,1,0
"137","1164_1166",1,1,0,1,1,0
"138","1166_66",1,1,0,1,1,0
"139","1166_67",1,1,0,1,1,0
"140","1153_1167",1,1,0,1,1,0
"141","1167_1168",1,1,0,1,1,0
"142","1168_68",1,1,0,1,1,0
"143","1168_69",1,1,0,1,1,0
"144","1167_1169",1,1,0,1,1,0
"145","1169_1170",1,1,0,1,1,0
"146","1170_1171",1,1,0,1,1,0
"147","1171_70",1,1,0,1,1,0
"148","1171_71",1,1,0,1,1,0
"149","1170_72",1,1,0,1,1,0
"150","1169_1172",1,1,0,1,1,0
"151","1172_73",1,1,0,1,1,0
"152","1172_74",1,1,0,1,1,0
"153","1152_1173",1,1,0,1,1,0
"154","1173_1174",1,1,0,1,1,0
"155","1174_1175",1,1,0,1,1,0
"156","1175_1176",1,1,0,1,1,0
"157","1176_75",1,1,0,1,1,0
"158","1176_1177",1,1,0,1,1,0
"159","1177_76",1,1,0,1,1,0
"160","1177_77",1,1,0,1,1,0
"161","1175_1178",1,1,0,1,1,0
"162","1178_78",1,1,0,1,1,0
"163","1178_1179",1,1,0,1,1,0
"164","1179_79",1,1,0,1,1,0
"165","1179_80",1,1,0,1,1,0
"166","1174_1180",1,1,0,1,1,0
"167","1180_1181",1,1,0,1,1,0
"168","1181_1182",1,1,0,1,1,0
"169","1182_1183",1,1,0,1,1,0
"170","1183_1184",1,1,0,1,1,0
"171","1184_81",1,1,0,1,1,0
"172","1184_1185",1,1,0,1,1,0
"173","1185_82",1,1,0,1,1,0
"174","1185_1186",1,1,0,1,1,0
"175","1186_83",1,1,0,1,1,0
"176","1186_1187",1,1,0,1,1,0
"177","1187_1188",1,1,0,1,1,0
"178","1188_84",1,1,0,1,1,0
"179","1188_85",1,1,0,1,1,0
"180","1187_86",1,1,0,1,1,0
"181","1183_1189",1,1,0,1,1,0
"182","1189_1190",1,1,0,1,1,0
"183","1190_1191",1,1,0,1,1,0
"184","1191_1192",1,1,0,1,1,0
"185","1192_1193",1,1,0,1,1,0
"186","1193_1194",1,1,0,1,1,0
"187","1194_87",1,1,0,1,1,0
"188","1194_88",1,1,0,1,1,0
"189","1193_1195",1,1,0,1,1,0
"190","1195_1196",1,1,0,1,1,0
"191","1196_89",1,1,0,1,1,0
"192","1196_90",1,1,0,1,1,0
"193","1195_1197",1,1,0,1,1,0
"194","1197_1198",1,1,0,1,1,0
"195","1198_91",1,1,0,1,1,0
"196","1198_92",1,1,0,1,1,0
"197","1197_1199",1,1,0,1,1,0
"198","1199_93",1,1,0,1,1,0
"199","1199_94",1,1,0,1,1,0
"200","1192_1200",1,1,0,1,1,0
"201","1200_95",1,1,0,1,1,0
"202","1200_1201",1,1,0,1,1,0
"203","1201_1202",1,1,0,1,1,0
"204","1202_96",1,1,0,1,1,0
"205","1202_97",1,1,0,1,1,0
"206","1201_98",1,1,0,1,1,0
"207","1191_1203",1,1,0,1,1,0
"208","1203_99",1,1,0,1,1,0
"209","1203_1204",1,1,0,1,1,0
"210","1204_1205",1,1,0,1,1,0
"211","1205_100",1,1,0,1,1,0
"212","1205_101",1,1,0,1,1,0
"213","1204_1206",1,1,0,1,1,0
"214","1206_1207",1,1,0,1,1,0
"215","1207_102",1,1,0,1,1,0
"216","1207_1208",1,1,0,1,1,0
"217","1208_103",1,1,0,1,1,0
"218","1208_104",1,1,0,1,1,0
"219","1206_1209",1,1,0,1,1,0
"220","1209_1210",1,1,0,1,1,0
"221","1210_105",1,1,0,1,1,0
"222","1210_1211",1,1,0,1,0.998,0
"223","1211_106",1,0,1,0.998,1,1
"224","1211_1212",1,1,0,0.998,1,1
"225","1212_107",1,1,0,1,1,0
"226","1212_1213",1,1,0,1,1,0
"227","1213_108",1,1,0,1,1,0
"228","1213_109",1,1,0,1,1,0
"229","1209_1214",1,1,0,1,1,0
"230","1214_110",1,1,0,1,1,0
"231","1214_111",1,1,0,1,1,0
"232","1190_1215",1,1,0,1,1,0
"233","1215_1216",1,1,0,1,1,0
"234","1216_1217",1,1,0,1,1,0
"235","1217_1218",1,1,0,1,1,0
"236","1218_112",1,1,0,1,1,0
"237","1218_113",1,1,0,1,1,0
"238","1217_1219",1,1,0,1,1,0
"239","1219_114",1,1,0,1,1,0
"240","1219_115",1,1,0,1,1,0
"241","1216_1220",1,1,0,1,1,0
"242","1220_1221",1,1,0,1,1,0
"243","1221_1222",1,1,0,1,1,0
"244","1222_1223",1,1,0,1,1,0
"245","1223_116",1,1,0,1,1,0
"246","1223_117",1,1,0,1,1,0
"247","1222_1224",1,1,0,1,1,0
"248","1224_118",1,1,0,1,1,0
"249","1224_1225",1,1,0,1,1,0
"250","1225_1226",1,1,0,1,1,0
"251","1226_1227",1,1,0,1,1,0
"252","1227_119",1,1,0,1,1,0
"253","1227_120",1,1,0,1,1,0
"254","1226_1228",1,1,0,1,1,0
"255","1228_121",1,1,0,1,1,0
"256","1228_1229",1,1,0,1,1,0
"257","1229_122",1,1,0,1,1,0
"258","1229_1230",1,1,0,1,1,0
"259","1230_123",1,1,0,1,1,0
"260","1230_1231",1,1,0,1,1,0
"261","1231_124",1,1,0,1,1,0
"262","1231_125",1,1,0,1,1,0
"263","1225_126",1,1,0,1,1,0
"264","1221_127",1,1,0,1,1,0
"265","1220_1232",1,1,0,1,1,0
"266","1232_1233",1,1,0,1,1,0
"267","1233_1234",1,1,0,1,1,0
"268","1234_128",1,1,0,1,1,0
"269","1234_1235",1,1,0,1,1,0
"270","1235_129",1,1,0,1,1,0
"271","1235_1236",1,1,0,1,1,0
"272","1236_130",1,1,0,1,1,0
"273","1236_1237",1,1,0,1,1,0
"274","1237_1238",1,1,0,1,1,0
"275","1238_131",1,1,0,1,1,0
"276","1238_132",1,1,0,1,1,0
"277","1237_1239",1,1,0,1,1,0
"278","1239_133",1,1,0,1,1,0
"279","1239_134",1,1,0,1,1,0
"280","1233_1240",1,1,0,1,1,0
"281","1240_135",1,1,0,1,1,0
"282","1240_136",1,1,0,1,1,0
"283","1232_1241",1,1,0,1,1,0
"284","1241_137",1,1,0,1,1,0
"285","1241_1242",1,1,0,1,1,0
"286","1242_138",1,1,0,1,1,0
"287","1242_139",1,1,0,1,1,0
"288","1215_1243",1,1,0,1,1,0
"289","1243_140",1,1,0,1,1,0
"290","1243_1244",1,1,0,1,1,0
"291","1244_141",1,1,0,1,1,0
"292","1244_142",1,1,0,1,1,0
"293","1189_1245",1,1,0,1,1,0
"294","1245_143",1,1,0,1,1,0
"295","1245_144",1,1,0,1,1,0
"296","1182_1246",1,1,0,1,1,0
"297","1246_145",1,1,0,1,1,0
"298","1246_1247",1,1,0,1,1,0
"299","1247_1248",1,1,0,1,1,0
"300","1248_1249",1,1,0,1,1,0
"301","1249_146",1,1,0,1,1,0
"302","1249_1250",1,1,0,1,1,0
"303","1250_147",1,1,0,1,1,0
"304","1250_1251",1,1,0,1,1,0
"305","1251_1252",1,1,0,1,1,0
"306","1252_1253",1,1,0,1,1,0
"307","1253_148",1,1,0,1,1,0
"308","1253_149",1,0,1,1,1,0
"309","1252_1254",1,1,0,1,1,0
"310","1254_150",1,1,0,1,1,0
"311","1254_1255",1,1,0,1,1,0
"312","1255_151",1,1,0,1,1,0
"313","1255_152",1,1,0,1,1,0
"314","1251_1256",1,1,0,1,1,0
"315","1256_1257",1,1,0,1,1,0
"316","1257_1258",1,1,0,1,1,0
"317","1258_1259",1,1,0,1,1,0
"318","1259_1260",1,1,0,1,1,0
"319","1260_153",1,1,0,1,1,0
"320","1260_1261",1,1,0,1,1,0
"321","1261_154",1,1,0,1,1,0
"322","1261_155",1,1,0,1,1,0
"323","1259_1262",1,1,0,1,1,0
"324","1262_156",1,1,0,1,1,0
"325","1262_157",1,1,0,1,1,0
"326","1258_1263",1,1,0,1,1,0
"327","1263_158",1,1,0,1,1,0
"328","1263_159",1,1,0,1,1,0
"329","1257_160",1,1,0,1,1,0
"330","1256_1264",1,1,0,1,1,0
"331","1264_161",1,1,0,1,1,0
"332","1264_1265",1,1,0,1,1,0
"333","1265_162",1,1,0,1,1,0
"334","1265_163",1,1,0,1,1,0
"335","1248_1266",1,1,0,1,1,0
"336","1266_164",1,1,0,1,1,0
"337","1266_1267",1,1,0,1,1,0
"338","1267_1268",1,1,0,1,1,0
"339","1268_165",1,1,0,1,1,0
"340","1268_1269",1,1,0,1,1,0
"341","1269_1270",1,1,0,1,1,0
"342","1270_166",1,1,0,1,1,0
"343","1270_167",1,1,0,1,1,0
"344","1269_1271",1,1,0,1,1,0
"345","1271_1272",1,1,0,1,1,0
"346","1272_168",1,1,0,1,1,0
"347","1272_169",1,1,0,1,1,0
"348","1271_170",1,1,0,1,1,0
"349","1267_1273",1,1,0,1,1,0
"350","1273_1274",1,1,0,1,1,0
"351","1274_1275",1,1,0,1,1,0
"352","1275_1276",1,1,0,1,1,0
"353","1276_1277",1,1,0,1,1,0
"354","1277_171",1,1,0,1,1,0
"355","1277_172",1,1,0,1,1,0
"356","1276_173",1,1,0,1,1,0
"357","1275_1278",1,1,0,1,1,0
"358","1278_174",1,1,0,1,1,0
"359","1278_1279",1,1,0,1,1,0
"360","1279_175",1,1,0,1,1,0
"361","1279_1280",1,1,0,1,1,0
"362","1280_176",1,1,0,1,1,0
"363","1280_177",1,1,0,1,1,0
"364","1274_1281",1,1,0,1,1,0
"365","1281_178",1,1,0,1,1,0
"366","1281_179",1,1,0,1,1,0
"367","1273_1282",1,1,0,1,1,0
"368","1282_1283",1,1,0,1,1,0
"369","1283_180",1,1,0,1,1,0
"370","1283_1284",1,1,0,1,1,0
"371","1284_1285",1,1,0,1,1,0
"372","1285_1286",1,1,0,1,1,0
"373","1286_181",1,1,0,1,1,0
"374","1286_182",1,1,0,1,1,0
"375","1285_1287",1,1,0,1,1,0
"376","1287_183",1,1,0,1,1,0
"377","1287_1288",1,1,0,1,1,0
"378","1288_1289",1,1,0,1,1,0
"379","1289_184",1,1,0,1,1,0
"380","1289_185",1,1,0,1,1,0
"381","1288_186",1,1,0,1,1,0
"382","1284_187",1,1,0,1,1,0
"383","1282_1290",1,1,0,1,1,0
"384","1290_188",1,1,0,1,1,0
"385","1290_189",1,1,0,1,1,0
"386","1247_190",1,1,0,1,1,0
"387","1181_1291",1,1,0,1,1,0
"388","1291_191",1,1,0,1,1,0
"389","1291_1292",1,1,0,1,1,0
"390","1292_192",1,1,0,1,1,0
"391","1292_1293",1,1,0,1,1,0
"392","1293_193",1,1,0,1,1,0
"393","1293_1294",1,1,0,1,1,0
"394","1294_194",1,1,0,1,1,0
"395","1294_1295",1,1,0,1,1,0
"396","1295_1296",1,1,0,1,1,0
"397","1296_1297",1,1,0,1,1,0
"398","1297_195",1,1,0,1,1,0
"399","1297_196",1,1,0,1,1,0
"400","1296_197",1,1,0,1,1,0
"401","1295_1298",1,1,0,1,1,0
"402","1298_198",1,1,0,1,1,0
"403","1298_199",1,1,0,1,1,0
"404","1180_1299",1,1,0,1,0.99,0
"405","1299_200",1,1,0,0.99,1,1
"406","1299_1300",1,1,0,0.99,0.778,0
"407","1300_1301",1,1,0,0.778,0.762,0
"408","1301_201",1,1,0,0.762,1,1
"409","1301_1302",1,0,1,0.762,0.978,1
"410","1302_202",0,0,0,0.978,1,1
"411","1302_1303",0,0,0,0.978,1,1
"412","1303_203",0,0,0,1,1,0
"413","1303_1304",0,0,0,1,1,0
"414","1304_204",0,0,0,1,1,0
"415","1304_205",0,0,0,1,1,0
"416","1300_1305",1,0,1,0.778,0.984,1
"417","1305_1306",0,0,0,0.984,1,1
"418","1306_206",0,0,0,1,1,0
"419","1306_1307",0,0,0,1,1,0
"420","1307_1308",0,0,0,1,1,0
"421","1308_207",0,0,0,1,1,0
"422","1308_208",0,0,0,1,1,0
"423","1307_209",0,0,0,1,1,0
"424","1305_1309",0,0,0,0.984,1,1
"425","1309_1310",0,0,0,1,1,0
"426","1310_1311",0,0,0,1,1,0
"427","1311_1312",0,0,0,1,1,0
"428","1312_210",0,0,0,1,1,0
"429","1312_211",0,0,0,1,1,0
"430","1311_1313",0,0,0,1,1,0
"431","1313_212",0,0,0,1,1,0
"432","1313_213",0,0,0,1,1,0
"433","1310_1314",0,0,0,1,1,0
"434","1314_1315",0,0,0,1,1,0
"435","1315_214",0,0,0,1,1,0
"436","1315_1316",0,0,0,1,1,0
"437","1316_1317",0,0,0,1,1,0
"438","1317_215",0,0,0,1,1,0
"439","1317_216",0,0,0,1,1,0
"440","1316_217",0,0,0,1,1,0
"441","1314_1318",0,0,0,1,1,0
"442","1318_1319",0,0,0,1,1,0
"443","1319_218",0,0,0,1,1,0
"444","1319_219",0,0,0,1,1,0
"445","1318_220",0,0,0,1,1,0
"446","1309_1320",0,0,0,1,1,0
"447","1320_1321",0,0,0,1,1,0
"448","1321_221",0,0,0,1,1,0
"449","1321_222",0,0,0,1,1,0
"450","1320_1322",0,0,0,1,1,0
"451","1322_223",0,0,0,1,1,0
"452","1322_1323",0,0,0,1,1,0
"453","1323_1324",0,0,0,1,1,0
"454","1324_1325",0,0,0,1,1,0
"455","1325_224",0,0,0,1,1,0
"456","1325_1326",0,0,0,1,1,0
"457","1326_225",0,0,0,1,1,0
"458","1326_226",0,0,0,1,1,0
"459","1324_1327",0,0,0,1,1,0
"460","1327_227",0,0,0,1,1,0
"461","1327_228",0,0,0,1,1,0
"462","1323_1328",0,0,0,1,1,0
"463","1328_1329",0,0,0,1,1,0
"464","1329_229",0,0,0,1,1,0
"465","1329_230",0,0,0,1,1,0
"466","1328_231",0,0,0,1,1,0
"467","1173_1330",1,1,0,1,1,0
"468","1330_1331",1,1,0,1,1,0
"469","1331_1332",1,1,0,1,1,0
"470","1332_232",1,1,0,1,1,0
"471","1332_233",1,1,0,1,1,0
"472","1331_1333",1,1,0,1,1,0
"473","1333_234",1,1,0,1,1,0
"474","1333_1334",1,1,0,1,1,0
"475","1334_1335",1,1,0,1,1,0
"476","1335_235",1,1,0,1,1,0
"477","1335_1336",1,1,0,1,1,0
"478","1336_1337",1,1,0,1,1,0
"479","1337_236",1,1,0,1,1,0
"480","1337_1338",1,1,0,1,1,0
"481","1338_237",1,1,0,1,1,0
"482","1338_1339",1,1,0,1,1,0
"483","1339_238",1,1,0,1,1,0
"484","1339_239",1,1,0,1,1,0
"485","1336_240",1,1,0,1,1,0
"486","1334_241",1,1,0,1,1,0
"487","1330_1340",1,1,0,1,1,0
"488","1340_242",1,1,0,1,1,0
"489","1340_243",1,1,0,1,1,0
"490","1151_1341",1,1,0,1,1,0
"491","1341_1342",1,1,0,1,1,0
"492","1342_244",1,1,0,1,1,0
"493","1342_1343",1,1,0,1,1,0
"494","1343_1344",1,1,0,1,1,0
"495","1344_245",1,1,0,1,1,0
"496","1344_246",1,1,0,1,1,0
"497","1343_1345",1,1,0,1,1,0
"498","1345_247",1,1,0,1,1,0
"499","1345_248",1,1,0,1,1,0
"500","1341_1346",1,1,0,1,1,0
"501","1346_249",1,1,0,1,1,0
"502","1346_1347",1,1,0,1,1,0
"503","1347_250",1,1,0,1,1,0
"504","1347_1348",1,1,0,1,1,0
"505","1348_251",1,1,0,1,1,0
"506","1348_1349",1,1,0,1,1,0
"507","1349_252",1,1,0,1,1,0
"508","1349_1350",1,1,0,1,1,0
"509","1350_253",1,1,0,1,1,0
"510","1350_254",1,1,0,1,1,0
"511","1142_1351",1,1,0,1,1,0
"512","1351_255",1,1,0,1,1,0
"513","1351_256",1,1,0,1,1,0
"514","1141_1352",1,1,0,1,1,0
"515","1352_1353",1,1,0,1,1,0
"516","1353_1354",1,1,0,1,1,0
"517","1354_1355",1,1,0,1,1,0
"518","1355_257",1,1,0,1,1,0
"519","1355_258",1,1,0,1,1,0
"520","1354_259",1,1,0,1,1,0
"521","1353_260",1,1,0,1,1,0
"522","1352_261",1,1,0,1,1,0
"523","1115_1356",1,1,0,1,1,0
"524","1356_262",1,1,0,1,1,0
"525","1356_1357",1,1,0,1,1,0
"526","1357_263",1,1,0,1,1,0
"527","1357_264",1,1,0,1,1,0
"528","1110_1358",1,1,0,1,1,0
"529","1358_1359",1,1,0,1,1,0
"530","1359_1360",1,1,0,1,1,0
"531","1360_1361",1,1,0,1,1,0
"532","1361_1362",1,1,0,1,1,0
"533","1362_1363",1,1,0,1,0.996,0
"534","1363_265",1,1,0,0.996,1,1
"535","1363_266",1,0,1,0.996,1,1
"536","1362_1364",1,1,0,1,1,0
"537","1364_1365",1,1,0,1,1,0
"538","1365_267",1,1,0,1,1,0
"539","1365_268",1,1,0,1,1,0
"540","1364_1366",1,1,0,1,1,0
"541","1366_269",1,1,0,1,1,0
"542","1366_1367",1,1,0,1,1,0
"543","1367_1368",1,1,0,1,1,0
"544","1368_270",1,1,0,1,1,0
"545","1368_1369",1,1,0,1,1,0
"546","1369_271",1,1,0,1,1,0
"547","1369_272",1,1,0,1,1,0
"548","1367_273",1,1,0,1,1,0
"549","1361_1370",1,1,0,1,1,0
"550","1370_1371",1,1,0,1,1,0
"551","1371_274",1,1,0,1,1,0
"552","1371_1372",1,1,0,1,1,0
"553","1372_1373",1,1,0,1,1,0
"554","1373_275",1,1,0,1,1,0
"555","1373_276",1,1,0,1,1,0
"556","1372_1374",1,1,0,1,1,0
"557","1374_1375",1,1,0,1,1,0
"558","1375_277",1,1,0,1,1,0
"559","1375_1376",1,1,0,1,1,0
"560","1376_278",1,1,0,1,1,0
"561","1376_279",1,1,0,1,1,0
"562","1374_280",1,1,0,1,1,0
"563","1370_281",1,1,0,1,1,0
"564","1360_1377",1,1,0,1,1,0
"565","1377_282",1,1,0,1,1,0
"566","1377_1378",1,1,0,1,1,0
"567","1378_1379",1,1,0,1,1,0
"568","1379_283",1,1,0,1,1,0
"569","1379_284",1,1,0,1,1,0
"570","1378_1380",1,1,0,1,1,0
"571","1380_1381",1,1,0,1,1,0
"572","1381_1382",1,0,1,1,0.986,0
"573","1382_285",0,0,0,0.986,1,1
"574","1382_1383",0,0,0,0.986,1,1
"575","1383_1384",0,0,0,1,1,0
"576","1384_1385",0,0,0,1,1,0
"577","1385_286",0,0,0,1,1,0
"578","1385_287",0,0,0,1,1,0
"579","1384_1386",0,0,0,1,1,0
"580","1386_1387",0,0,0,1,1,0
"581","1387_288",0,0,0,1,1,0
"582","1387_289",0,0,0,1,1,0
"583","1386_290",0,0,0,1,1,0
"584","1383_1388",0,0,0,1,1,0
"585","1388_1389",0,0,0,1,1,0
"586","1389_291",0,0,0,1,1,0
"587","1389_1390",0,0,0,1,1,0
"588","1390_1391",0,0,0,1,1,0
"589","1391_1392",0,0,0,1,1,0
"590","1392_292",0,0,0,1,1,0
"591","1392_293",0,0,0,1,1,0
"592","1391_1393",0,0,0,1,1,0
"593","1393_1394",0,0,0,1,1,0
"594","1394_294",0,0,0,1,1,0
"595","1394_1395",0,0,0,1,1,0
"596","1395_295",0,0,0,1,1,0
"597","1395_296",0,0,0,1,1,0
"598","1393_297",0,0,0,1,1,0
"599","1390_298",0,0,0,1,1,0
"600","1388_299",0,0,0,1,1,0
"601","1381_300",1,1,0,1,1,0
"602","1380_1396",1,1,0,1,1,0
"603","1396_1397",1,1,0,1,1,0
"604","1397_1398",1,1,0,1,1,0
"605","1398_301",1,1,0,1,1,0
"606","1398_302",1,1,0,1,1,0
"607","1397_303",1,1,0,1,1,0
"608","1396_1399",1,1,0,1,1,0
"609","1399_1400",1,1,0,1,1,0
"610","1400_304",1,1,0,1,1,0
"611","1400_1401",1,1,0,1,1,0
"612","1401_1402",1,1,0,1,1,0
"613","1402_305",1,1,0,1,1,0
"614","1402_306",1,1,0,1,1,0
"615","1401_307",1,1,0,1,1,0
"616","1399_1403",1,1,0,1,1,0
"617","1403_1404",1,1,0,1,1,0
"618","1404_1405",1,1,0,1,1,0
"619","1405_308",1,1,0,1,1,0
"620","1405_309",1,1,0,1,1,0
"621","1404_1406",1,1,0,1,1,0
"622","1406_310",1,1,0,1,1,0
"623","1406_1407",1,1,0,1,1,0
"624","1407_311",1,1,0,1,1,0
"625","1407_312",1,1,0,1,1,0
"626","1403_1408",1,1,0,1,1,0
"627","1408_313",1,1,0,1,1,0
"628","1408_314",1,1,0,1,1,0
"629","1359_1409",1,1,0,1,0.994,0
"630","1409_1410",1,1,0,0.994,1,1
"631","1410_1411",1,1,0,1,1,0
"632","1411_315",1,1,0,1,1,0
"633","1411_1412",1,1,0,1,1,0
"634","1412_316",1,1,0,1,1,0
"635","1412_1413",1,1,0,1,1,0
"636","1413_317",1,1,0,1,1,0
"637","1413_318",1,1,0,1,1,0
"638","1410_1414",1,1,0,1,1,0
"639","1414_1415",1,1,0,1,1,0
"640","1415_1416",1,1,0,1,1,0
"641","1416_319",1,1,0,1,1,0
"642","1416_320",1,1,0,1,1,0
"643","1415_321",1,1,0,1,1,0
"644","1414_1417",1,1,0,1,1,0
"645","1417_1418",1,1,0,1,1,0
"646","1418_322",1,1,0,1,1,0
"647","1418_1419",1,1,0,1,1,0
"648","1419_1420",1,1,0,1,1,0
"649","1420_323",1,1,0,1,1,0
"650","1420_324",1,1,0,1,1,0
"651","1419_1421",1,1,0,1,1,0
"652","1421_325",1,1,0,1,1,0
"653","1421_326",1,1,0,1,1,0
"654","1417_327",1,1,0,1,1,0
"655","1409_1422",1,1,0,0.994,0.644,0
"656","1422_1423",1,0,1,0.644,0.996,1
"657","1423_1424",0,0,0,0.996,1,1
"658","1424_1425",0,0,0,1,1,0
"659","1425_328",0,0,0,1,1,0
"660","1425_1426",0,0,0,1,1,0
"661","1426_329",0,0,0,1,1,0
"662","1426_330",0,0,0,1,1,0
"663","1424_331",0,0,0,1,1,0
"664","1423_1427",0,0,0,0.996,1,1
"665","1427_1428",0,0,0,1,1,0
"666","1428_332",0,0,0,1,1,0
"667","1428_333",0,0,0,1,1,0
"668","1427_334",0,0,0,1,1,0
"669","1422_1429",1,1,0,0.644,0.67,1
"670","1429_1430",1,0,1,0.67,0.96,1
"671","1430_1431",0,0,0,0.96,0.998,1
"672","1431_1432",0,0,0,0.998,1,1
"673","1432_335",0,0,0,1,1,0
"674","1432_1433",0,0,0,1,1,0
"675","1433_1434",0,0,0,1,1,0
"676","1434_336",0,0,0,1,1,0
"677","1434_337",0,0,0,1,1,0
"678","1433_1435",0,0,0,1,1,0
"679","1435_338",0,0,0,1,1,0
"680","1435_339",0,0,0,1,1,0
"681","1431_1436",0,0,0,0.998,1,1
"682","1436_340",0,0,0,1,1,0
"683","1436_1437",0,0,0,1,1,0
"684","1437_1438",0,0,0,1,1,0
"685","1438_1439",0,0,0,1,1,0
"686","1439_1440",0,0,0,1,1,0
"687","1440_1441",0,0,0,1,1,0
"688","1441_1442",0,0,0,1,1,0
"689","1442_1443",0,0,0,1,1,0
"690","1443_1444",0,0,0,1,1,0
"691","1444_1445",0,0,0,1,1,0
"692","1445_341",0,0,0,1,1,0
"693","1445_1446",0,0,0,1,1,0
"694","1446_1447",0,0,0,1,1,0
"695","1447_1448",0,0,0,1,1,0
"696","1448_342",0,0,0,1,1,0
"697","1448_343",0,0,0,1,1,0
"698","1447_1449",0,0,0,1,1,0
"699","1449_1450",0,0,0,1,1,0
"700","1450_1451",0,0,0,1,1,0
"701","1451_344",0,0,0,1,1,0
"702","1451_345",0,0,0,1,1,0
"703","1450_1452",0,0,0,1,1,0
"704","1452_346",0,0,0,1,1,0
"705","1452_1453",0,0,0,1,1,0
"706","1453_347",0,0,0,1,1,0
"707","1453_1454",0,0,0,1,1,0
"708","1454_348",0,0,0,1,1,0
"709","1454_349",0,0,0,1,1,0
"710","1449_1455",0,0,0,1,1,0
"711","1455_350",0,0,0,1,1,0
"712","1455_351",0,0,0,1,1,0
"713","1446_1456",0,0,0,1,1,0
"714","1456_352",0,0,0,1,1,0
"715","1456_353",0,0,0,1,1,0
"716","1444_1457",0,0,0,1,1,0
"717","1457_354",0,0,0,1,1,0
"718","1457_1458",0,0,0,1,1,0
"719","1458_1459",0,0,0,1,1,0
"720","1459_355",0,0,0,1,1,0
"721","1459_356",0,0,0,1,1,0
"722","1458_1460",0,0,0,1,1,0
"723","1460_1461",0,0,0,1,1,0
"724","1461_357",0,0,0,1,1,0
"725","1461_358",0,0,0,1,1,0
"726","1460_1462",0,0,0,1,1,0
"727","1462_359",0,0,0,1,1,0
"728","1462_360",0,0,0,1,1,0
"729","1443_1463",0,0,0,1,1,0
"730","1463_1464",0,0,0,1,1,0
"731","1464_361",0,0,0,1,1,0
"732","1464_1465",0,0,0,1,1,0
"733","1465_362",0,0,0,1,1,0
"734","1465_1466",0,0,0,1,1,0
"735","1466_363",0,0,0,1,1,0
"736","1466_364",0,0,0,1,1,0
"737","1463_1467",0,0,0,1,1,0
"738","1467_1468",0,0,0,1,1,0
"739","1468_365",0,0,0,1,1,0
"740","1468_1469",0,0,0,1,1,0
"741","1469_1470",0,0,0,1,1,0
"742","1470_1471",0,0,0,1,1,0
"743","1471_366",0,0,0,1,1,0
"744","1471_1472",0,0,0,1,1,0
"745","1472_367",0,0,0,1,1,0
"746","1472_368",0,0,0,1,1,0
"747","1470_369",0,0,0,1,1,0
"748","1469_370",0,0,0,1,1,0
"749","1467_1473",0,0,0,1,1,0
"750","1473_1474",0,0,0,1,1,0
"751","1474_371",0,0,0,1,1,0
"752","1474_1475",0,0,0,1,1,0
"753","1475_372",0,0,0,1,1,0
"754","1475_373",0,0,0,1,1,0
"755","1473_374",0,0,0,1,1,0
"756","1442_375",0,0,0,1,1,0
"757","1441_1476",0,0,0,1,1,0
"758","1476_376",0,0,0,1,1,0
"759","1476_377",0,0,0,1,1,0
"760","1440_1477",0,0,0,1,1,0
"761","1477_378",0,0,0,1,1,0
"762","1477_1478",0,0,0,1,1,0
"763","1478_1479",0,0,0,1,1,0
"764","1479_379",0,0,0,1,1,0
"765","1479_1480",0,0,0,1,1,0
"766","1480_380",0,0,0,1,1,0
"767","1480_381",0,0,0,1,1,0
"768","1478_382",0,0,0,1,1,0
"769","1439_1481",0,0,0,1,1,0
"770","1481_383",0,0,0,1,1,0
"771","1481_1482",0,0,0,1,1,0
"772","1482_384",0,0,0,1,1,0
"773","1482_1483",0,0,0,1,1,0
"774","1483_385",0,0,0,1,1,0
"775","1483_1484",0,0,0,1,1,0
"776","1484_386",0,0,0,1,1,0
"777","1484_1485",0,0,0,1,1,0
"778","1485_1486",0,0,0,1,1,0
"779","1486_1487",0,0,0,1,1,0
"780","1487_387",0,0,0,1,1,0
"781","1487_388",0,0,0,1,1,0
"782","1486_389",0,0,0,1,1,0
"783","1485_1488",0,0,0,1,1,0
"784","1488_390",0,0,0,1,1,0
"785","1488_391",0,0,0,1,1,0
"786","1438_1489",0,0,0,1,1,0
"787","1489_1490",0,0,0,1,1,0
"788","1490_1491",0,0,0,1,1,0
"789","1491_1492",0,0,0,1,1,0
"790","1492_1493",0,0,0,1,1,0
"791","1493_392",0,0,0,1,1,0
"792","1493_1494",0,0,0,1,1,0
"793","1494_1495",0,0,0,1,1,0
"794","1495_1496",0,0,0,1,1,0
"795","1496_393",0,0,0,1,1,0
"796","1496_1497",0,0,0,1,1,0
"797","1497_1498",0,0,0,1,1,0
"798","1498_394",0,0,0,1,1,0
"799","1498_1499",0,0,0,1,1,0
"800","1499_395",0,0,0,1,1,0
"801","1499_396",0,0,0,1,1,0
"802","1497_397",0,0,0,1,1,0
"803","1495_1500",0,0,0,1,1,0
"804","1500_398",0,0,0,1,1,0
"805","1500_1501",0,0,0,1,1,0
"806","1501_1502",0,0,0,1,1,0
"807","1502_1503",0,0,0,1,1,0
"808","1503_399",0,0,0,1,1,0
"809","1503_1504",0,0,0,1,1,0
"810","1504_400",0,0,0,1,1,0
"811","1504_401",0,0,0,1,1,0
"812","1502_1505",0,0,0,1,1,0
"813","1505_402",0,0,0,1,1,0
"814","1505_403",0,0,0,1,1,0
"815","1501_1506",0,0,0,1,1,0
"816","1506_404",0,0,0,1,1,0
"817","1506_405",0,0,0,1,1,0
"818","1494_1507",0,0,0,1,1,0
"819","1507_406",0,0,0,1,1,0
"820","1507_1508",0,0,0,1,1,0
"821","1508_1509",0,0,0,1,1,0
"822","1509_1510",0,0,0,1,1,0
"823","1510_407",0,0,0,1,1,0
"824","1510_408",0,0,0,1,1,0
"825","1509_1511",0,0,0,1,1,0
"826","1511_409",0,0,0,1,1,0
"827","1511_1512",0,0,0,1,1,0
"828","1512_410",0,0,0,1,1,0
"829","1512_1513",0,0,0,1,1,0
"830","1513_411",0,0,0,1,1,0
"831","1513_412",0,0,0,1,1,0
"832","1508_1514",0,0,0,1,1,0
"833","1514_1515",0,0,0,1,1,0
"834","1515_413",0,0,0,1,1,0
"835","1515_1516",0,0,0,1,1,0
"836","1516_414",0,0,0,1,1,0
"837","1516_415",0,0,0,1,1,0
"838","1514_1517",0,0,0,1,1,0
"839","1517_1518",0,0,0,1,1,0
"840","1518_1519",0,0,0,1,1,0
"841","1519_1520",0,0,0,1,1,0
"842","1520_1521",0,0,0,1,1,0
"843","1521_416",0,0,0,1,1,0
"844","1521_417",0,0,0,1,1,0
"845","1520_1522",0,0,0,1,1,0
"846","1522_1523",0,0,0,1,1,0
"847","1523_418",0,0,0,1,1,0
"848","1523_419",0,0,0,1,1,0
"849","1522_420",0,0,0,1,1,0
"850","1519_421",0,0,0,1,1,0
"851","1518_1524",0,0,0,1,1,0
"852","1524_422",0,0,0,1,1,0
"853","1524_1525",0,0,0,1,1,0
"854","1525_1526",0,0,0,1,1,0
"855","1526_423",0,0,0,1,1,0
"856","1526_424",0,0,0,1,1,0
"857","1525_1527",0,0,0,1,1,0
"858","1527_425",0,0,0,1,1,0
"859","1527_1528",0,0,0,1,1,0
"860","1528_1529",0,0,0,1,1,0
"861","1529_426",0,0,0,1,1,0
"862","1529_1530",0,0,0,1,1,0
"863","1530_427",0,0,0,1,1,0
"864","1530_1531",0,0,0,1,1,0
"865","1531_1532",0,0,0,1,1,0
"866","1532_428",0,0,0,1,1,0
"867","1532_429",0,0,0,1,1,0
"868","1531_1533",0,0,0,1,1,0
"869","1533_430",0,0,0,1,1,0
"870","1533_431",0,0,0,1,1,0
"871","1528_432",0,0,0,1,1,0
"872","1517_433",0,0,0,1,1,0
"873","1492_1534",0,0,0,1,1,0
"874","1534_434",0,0,0,1,1,0
"875","1534_1535",0,0,0,1,1,0
"876","1535_435",0,0,0,1,1,0
"877","1535_1536",0,0,0,1,1,0
"878","1536_436",0,0,0,1,1,0
"879","1536_1537",0,0,0,1,1,0
"880","1537_1538",0,0,0,1,1,0
"881","1538_437",0,0,0,1,1,0
"882","1538_438",0,0,0,1,1,0
"883","1537_439",0,0,0,1,1,0
"884","1491_440",0,0,0,1,1,0
"885","1490_441",0,0,0,1,1,0
"886","1489_1539",0,0,0,1,1,0
"887","1539_442",0,0,0,1,1,0
"888","1539_1540",0,0,0,1,1,0
"889","1540_443",0,0,0,1,1,0
"890","1540_1541",0,0,0,1,1,0
"891","1541_1542",0,0,0,1,1,0
"892","1542_444",0,0,0,1,1,0
"893","1542_445",0,0,0,1,1,0
"894","1541_1543",0,0,0,1,1,0
"895","1543_446",0,0,0,1,1,0
"896","1543_447",0,0,0,1,1,0
"897","1437_1544",0,0,0,1,1,0
"898","1544_1545",0,0,0,1,1,0
"899","1545_448",0,0,0,1,1,0
"900","1545_449",0,0,0,1,1,0
"901","1544_1546",0,0,0,1,1,0
"902","1546_450",0,0,0,1,1,0
"903","1546_451",0,0,0,1,1,0
"904","1430_452",0,0,0,0.96,1,1
"905","1429_1547",1,1,0,0.67,0.668,0
"906","1547_453",1,0,1,0.668,1,1
"907","1547_454",1,1,0,0.668,1,1
"908","1358_1548",1,1,0,1,1,0
"909","1548_1549",1,1,0,1,1,0
"910","1549_1550",1,1,0,1,1,0
"911","1550_1551",1,1,0,1,1,0
"912","1551_1552",1,1,0,1,0.998,0
"913","1552_455",1,0,1,0.998,1,1
"914","1552_1553",1,1,0,0.998,1,1
"915","1553_456",1,1,0,1,1,0
"916","1553_457",1,1,0,1,1,0
"917","1551_1554",1,1,0,1,1,0
"918","1554_458",1,1,0,1,1,0
"919","1554_459",1,1,0,1,1,0
"920","1550_1555",1,1,0,1,1,0
"921","1555_1556",1,1,0,1,1,0
"922","1556_1557",1,1,0,1,1,0
"923","1557_460",1,1,0,1,1,0
"924","1557_1558",1,1,0,1,1,0
"925","1558_461",1,1,0,1,1,0
"926","1558_462",1,1,0,1,1,0
"927","1556_1559",1,1,0,1,1,0
"928","1559_1560",1,1,0,1,1,0
"929","1560_463",1,1,0,1,1,0
"930","1560_1561",1,1,0,1,1,0
"931","1561_464",1,1,0,1,1,0
"932","1561_465",1,1,0,1,1,0
"933","1559_1562",1,1,0,1,1,0
"934","1562_1563",1,1,0,1,1,0
"935","1563_466",1,1,0,1,1,0
"936","1563_467",1,1,0,1,1,0
"937","1562_1564",1,1,0,1,1,0
"938","1564_1565",1,1,0,1,1,0
"939","1565_468",1,1,0,1,1,0
"940","1565_469",1,1,0,1,1,0
"941","1564_1566",1,1,0,1,1,0
"942","1566_470",1,1,0,1,1,0
"943","1566_471",1,1,0,1,1,0
"944","1555_1567",1,1,0,1,1,0
"945","1567_1568",1,1,0,1,1,0
"946","1568_472",1,1,0,1,1,0
"947","1568_1569",1,1,0,1,1,0
"948","1569_473",1,1,0,1,1,0
"949","1569_474",1,1,0,1,1,0
"950","1567_1570",1,1,0,1,1,0
"951","1570_475",1,1,0,1,1,0
"952","1570_476",1,1,0,1,1,0
"953","1549_1571",1,1,0,1,1,0
"954","1571_1572",1,1,0,1,1,0
"955","1572_1573",1,1,0,1,1,0
"956","1573_1574",1,1,0,1,1,0
"957","1574_1575",1,1,0,1,1,0
"958","1575_477",1,1,0,1,1,0
"959","1575_1576",1,1,0,1,1,0
"960","1576_478",1,1,0,1,1,0
"961","1576_1577",1,1,0,1,1,0
"962","1577_479",1,1,0,1,1,0
"963","1577_480",1,1,0,1,1,0
"964","1574_1578",1,1,0,1,1,0
"965","1578_1579",1,1,0,1,1,0
"966","1579_1580",1,1,0,1,1,0
"967","1580_481",1,1,0,1,1,0
"968","1580_482",1,1,0,1,1,0
"969","1579_1581",1,1,0,1,1,0
"970","1581_1582",1,1,0,1,1,0
"971","1582_483",1,1,0,1,1,0
"972","1582_484",1,1,0,1,1,0
"973","1581_485",1,1,0,1,1,0
"974","1578_1583",1,1,0,1,1,0
"975","1583_1584",1,1,0,1,1,0
"976","1584_1585",1,1,0,1,1,0
"977","1585_486",1,1,0,1,1,0
"978","1585_487",1,1,0,1,1,0
"979","1584_488",1,1,0,1,1,0
"980","1583_1586",1,1,0,1,1,0
"981","1586_1587",1,1,0,1,1,0
"982","1587_1588",1,1,0,1,1,0
"983","1588_489",1,1,0,1,1,0
"984","1588_490",1,1,0,1,1,0
"985","1587_1589",1,1,0,1,0.998,0
"986","1589_1590",1,1,0,0.998,1,1
"987","1590_491",1,1,0,1,1,0
"988","1590_492",1,1,0,1,1,0
"989","1589_1591",1,1,0,0.998,0.98,0
"990","1591_493",1,0,1,0.98,1,1
"991","1591_494",1,1,0,0.98,1,1
"992","1586_1592",1,1,0,1,1,0
"993","1592_1593",1,1,0,1,1,0
"994","1593_495",1,1,0,1,1,0
"995","1593_1594",1,1,0,1,1,0
"996","1594_496",1,1,0,1,1,0
"997","1594_497",1,1,0,1,1,0
"998","1592_498",1,1,0,1,1,0
"999","1573_1595",1,1,0,1,1,0
"1000","1595_499",1,1,0,1,1,0
"1001","1595_1596",1,1,0,1,1,0
"1002","1596_500",1,1,0,1,1,0
"1003","1596_1597",1,1,0,1,1,0
"1004","1597_1598",1,1,0,1,1,0
"1005","1598_501",1,1,0,1,1,0
"1006","1598_502",1,1,0,1,1,0
"1007","1597_503",1,1,0,1,1,0
"1008","1572_504",1,1,0,1,1,0
"1009","1571_1599",1,1,0,1,1,0
"1010","1599_505",1,1,0,1,1,0
"1011","1599_1600",1,1,0,1,1,0
"1012","1600_1601",1,1,0,1,1,0
"1013","1601_506",1,1,0,1,1,0
"1014","1601_1602",1,1,0,1,1,0
"1015","1602_1603",1,1,0,1,1,0
"1016","1603_507",1,1,0,1,1,0
"1017","1603_508",1,1,0,1,1,0
"1018","1602_1604",1,1,0,1,1,0
"1019","1604_1605",1,1,0,1,1,0
"1020","1605_509",1,1,0,1,1,0
"1021","1605_510",1,1,0,1,1,0
"1022","1604_1606",1,1,0,1,1,0
"1023","1606_1607",1,1,0,1,1,0
"1024","1607_511",1,1,0,1,1,0
"1025","1607_512",1,1,0,1,1,0
"1026","1606_1608",1,1,0,1,1,0
"1027","1608_1609",1,1,0,1,1,0
"1028","1609_513",1,1,0,1,1,0
"1029","1609_514",1,1,0,1,1,0
"1030","1608_1610",1,1,0,1,1,0
"1031","1610_515",1,1,0,1,1,0
"1032","1610_516",1,1,0,1,1,0
"1033","1600_1611",1,1,0,1,1,0
"1034","1611_1612",1,1,0,1,1,0
"1035","1612_1613",1,1,0,1,1,0
"1036","1613_1614",1,1,0,1,1,0
"1037","1614_1615",1,1,0,1,1,0
"1038","1615_517",1,1,0,1,1,0
"1039","1615_518",1,1,0,1,1,0
"1040","1614_1616",1,1,0,1,1,0
"1041","1616_1617",1,1,0,1,1,0
"1042","1617_1618",1,1,0,1,1,0
"1043","1618_519",1,1,0,1,1,0
"1044","1618_520",1,1,0,1,1,0
"1045","1617_521",1,1,0,1,1,0
"1046","1616_1619",1,1,0,1,1,0
"1047","1619_522",1,1,0,1,1,0
"1048","1619_1620",1,1,0,1,1,0
"1049","1620_523",1,1,0,1,1,0
"1050","1620_524",1,1,0,1,1,0
"1051","1613_1621",1,1,0,1,1,0
"1052","1621_525",1,1,0,1,1,0
"1053","1621_1622",1,1,0,1,1,0
"1054","1622_526",1,1,0,1,1,0
"1055","1622_527",1,1,0,1,1,0
"1056","1612_1623",1,1,0,1,1,0
"1057","1623_1624",1,1,0,1,1,0
"1058","1624_1625",1,1,0,1,1,0
"1059","1625_528",1,1,0,1,1,0
"1060","1625_1626",1,1,0,1,1,0
"1061","1626_529",1,1,0,1,1,0
"1062","1626_530",1,1,0,1,1,0
"1063","1624_1627",1,1,0,1,1,0
"1064","1627_1628",1,1,0,1,1,0
"1065","1628_1629",1,1,0,1,1,0
"1066","1629_1630",1,1,0,1,1,0
"1067","1630_531",1,1,0,1,1,0
"1068","1630_1631",1,1,0,1,1,0
"1069","1631_1632",1,1,0,1,1,0
"1070","1632_1633",1,1,0,1,1,0
"1071","1633_532",1,1,0,1,1,0
"1072","1633_1634",1,1,0,1,1,0
"1073","1634_533",1,1,0,1,1,0
"1074","1634_534",1,1,0,1,1,0
"1075","1632_1635",1,1,0,1,1,0
"1076","1635_535",1,1,0,1,1,0
"1077","1635_536",1,1,0,1,1,0
"1078","1631_1636",1,1,0,1,1,0
"1079","1636_1637",1,1,0,1,1,0
"1080","1637_1638",1,1,0,1,1,0
"1081","1638_1639",1,1,0,1,1,0
"1082","1639_537",1,1,0,1,1,0
"1083","1639_538",1,1,0,1,1,0
"1084","1638_1640",1,1,0,1,1,0
"1085","1640_1641",1,1,0,1,1,0
"1086","1641_539",1,1,0,1,1,0
"1087","1641_540",1,1,0,1,1,0
"1088","1640_541",1,1,0,1,1,0
"1089","1637_1642",1,1,0,1,1,0
"1090","1642_542",1,1,0,1,1,0
"1091","1642_1643",1,1,0,1,1,0
"1092","1643_543",1,1,0,1,1,0
"1093","1643_1644",1,1,0,1,1,0
"1094","1644_544",1,1,0,1,1,0
"1095","1644_545",1,1,0,1,1,0
"1096","1636_546",1,1,0,1,1,0
"1097","1629_547",1,1,0,1,1,0
"1098","1628_548",1,1,0,1,1,0
"1099","1627_1645",1,1,0,1,1,0
"1100","1645_549",1,1,0,1,1,0
"1101","1645_1646",1,1,0,1,1,0
"1102","1646_1647",1,1,0,1,1,0
"1103","1647_1648",1,1,0,1,1,0
"1104","1648_1649",1,1,0,1,1,0
"1105","1649_550",1,1,0,1,1,0
"1106","1649_551",1,1,0,1,1,0
"1107","1648_1650",1,1,0,1,1,0
"1108","1650_552",1,1,0,1,1,0
"1109","1650_553",1,1,0,1,1,0
"1110","1647_1651",1,1,0,1,1,0
"1111","1651_554",1,1,0,1,1,0
"1112","1651_1652",1,1,0,1,1,0
"1113","1652_1653",1,1,0,1,1,0
"1114","1653_555",1,1,0,1,1,0
"1115","1653_1654",1,1,0,1,1,0
"1116","1654_556",1,1,0,1,1,0
"1117","1654_557",1,1,0,1,1,0
"1118","1652_558",1,1,0,1,1,0
"1119","1646_1655",1,1,0,1,1,0
"1120","1655_1656",1,1,0,1,1,0
"1121","1656_1657",1,1,0,1,1,0
"1122","1657_1658",1,1,0,1,1,0
"1123","1658_1659",1,1,0,1,1,0
"1124","1659_559",1,1,0,1,1,0
"1125","1659_560",1,1,0,1,1,0
"1126","1658_1660",1,1,0,1,1,0
"1127","1660_561",1,1,0,1,1,0
"1128","1660_562",1,1,0,1,1,0
"1129","1657_1661",1,1,0,1,1,0
"1130","1661_1662",1,1,0,1,1,0
"1131","1662_563",1,1,0,1,1,0
"1132","1662_1663",1,1,0,1,1,0
"1133","1663_564",1,1,0,1,1,0
"1134","1663_1664",1,1,0,1,1,0
"1135","1664_565",1,1,0,1,1,0
"1136","1664_566",1,1,0,1,1,0
"1137","1661_1665",1,1,0,1,1,0
"1138","1665_1666",1,1,0,1,1,0
"1139","1666_567",1,1,0,1,1,0
"1140","1666_568",1,1,0,1,1,0
"1141","1665_1667",1,1,0,1,1,0
"1142","1667_569",1,1,0,1,1,0
"1143","1667_1668",1,1,0,1,1,0
"1144","1668_570",1,1,0,1,1,0
"1145","1668_571",1,1,0,1,1,0
"1146","1656_1669",1,1,0,1,1,0
"1147","1669_572",1,1,0,1,1,0
"1148","1669_573",1,1,0,1,1,0
"1149","1655_574",1,1,0,1,1,0
"1150","1623_1670",1,1,0,1,1,0
"1151","1670_1671",1,1,0,1,1,0
"1152","1671_575",1,1,0,1,1,0
"1153","1671_1672",1,1,0,1,1,0
"1154","1672_576",1,1,0,1,1,0
"1155","1672_577",1,1,0,1,1,0
"1156","1670_1673",1,1,0,1,1,0
"1157","1673_578",1,1,0,1,1,0
"1158","1673_579",1,1,0,1,1,0
"1159","1611_1674",1,1,0,1,1,0
"1160","1674_1675",1,1,0,1,1,0
"1161","1675_580",1,1,0,1,1,0
"1162","1675_581",1,1,0,1,1,0
"1163","1674_582",1,1,0,1,1,0
"1164","1548_1676",1,1,0,1,1,0
"1165","1676_1677",1,1,0,1,1,0
"1166","1677_583",1,1,0,1,1,0
"1167","1677_584",1,1,0,1,1,0
"1168","1676_1678",1,1,0,1,1,0
"1169","1678_1679",1,1,0,1,1,0
"1170","1679_585",1,1,0,1,1,0
"1171","1679_1680",1,1,0,1,1,0
"1172","1680_1681",1,1,0,1,1,0
"1173","1681_1682",1,1,0,1,1,0
"1174","1682_586",1,1,0,1,1,0
"1175","1682_1683",1,1,0,1,1,0
"1176","1683_587",1,1,0,1,1,0
"1177","1683_588",1,1,0,1,1,0
"1178","1681_589",1,1,0,1,1,0
"1179","1680_1684",1,1,0,1,0.992,0
"1180","1684_1685",1,0,1,0.992,0.876,0
"1181","1685_1686",0,0,0,0.876,0.996,1
"1182","1686_590",0,0,0,0.996,1,1
"1183","1686_591",0,0,0,0.996,1,1
"1184","1685_1687",0,0,0,0.876,1,1
"1185","1687_592",0,0,0,1,1,0
"1186","1687_1688",0,0,0,1,1,0
"1187","1688_1689",0,0,0,1,1,0
"1188","1689_1690",0,0,0,1,1,0
"1189","1690_1691",0,0,0,1,1,0
"1190","1691_1692",0,0,0,1,1,0
"1191","1692_593",0,0,0,1,1,0
"1192","1692_594",0,0,0,1,1,0
"1193","1691_595",0,0,0,1,1,0
"1194","1690_1693",0,0,0,1,1,0
"1195","1693_596",0,0,0,1,1,0
"1196","1693_597",0,0,0,1,1,0
"1197","1689_1694",0,0,0,1,1,0
"1198","1694_1695",0,0,0,1,1,0
"1199","1695_1696",0,0,0,1,1,0
"1200","1696_1697",0,0,0,1,1,0
"1201","1697_1698",0,0,0,1,1,0
"1202","1698_1699",0,0,0,1,1,0
"1203","1699_598",0,0,0,1,1,0
"1204","1699_599",0,0,0,1,1,0
"1205","1698_1700",0,0,0,1,1,0
"1206","1700_600",0,0,0,1,1,0
"1207","1700_601",0,0,0,1,1,0
"1208","1697_1701",0,0,0,1,1,0
"1209","1701_602",0,0,0,1,1,0
"1210","1701_1702",0,0,0,1,1,0
"1211","1702_603",0,0,0,1,1,0
"1212","1702_604",0,0,0,1,1,0
"1213","1696_1703",0,0,0,1,1,0
"1214","1703_605",0,0,0,1,1,0
"1215","1703_606",0,0,0,1,1,0
"1216","1695_1704",0,0,0,1,1,0
"1217","1704_607",0,0,0,1,1,0
"1218","1704_1705",0,0,0,1,1,0
"1219","1705_1706",0,0,0,1,1,0
"1220","1706_608",0,0,0,1,1,0
"1221","1706_609",0,0,0,1,1,0
"1222","1705_610",0,0,0,1,1,0
"1223","1694_1707",0,0,0,1,1,0
"1224","1707_1708",0,0,0,1,1,0
"1225","1708_611",0,0,0,1,1,0
"1226","1708_1709",0,0,0,1,1,0
"1227","1709_612",0,0,0,1,1,0
"1228","1709_1710",0,0,0,1,1,0
"1229","1710_613",0,0,0,1,1,0
"1230","1710_1711",0,0,0,1,1,0
"1231","1711_614",0,0,0,1,1,0
"1232","1711_1712",0,0,0,1,1,0
"1233","1712_1713",0,0,0,1,1,0
"1234","1713_1714",0,0,0,1,1,0
"1235","1714_615",0,0,0,1,1,0
"1236","1714_1715",0,0,0,1,1,0
"1237","1715_616",0,0,0,1,1,0
"1238","1715_617",0,0,0,1,1,0
"1239","1713_1716",0,0,0,1,1,0
"1240","1716_1717",0,0,0,1,1,0
"1241","1717_618",0,0,0,1,1,0
"1242","1717_619",0,0,0,1,1,0
"1243","1716_620",0,0,0,1,1,0
"1244","1712_1718",0,0,0,1,1,0
"1245","1718_621",0,0,0,1,1,0
"1246","1718_1719",0,0,0,1,1,0
"1247","1719_622",0,0,0,1,1,0
"1248","1719_623",0,0,0,1,1,0
"1249","1707_624",0,0,0,1,1,0
"1250","1688_625",0,0,0,1,1,0
"1251","1684_1720",1,1,0,0.992,1,1
"1252","1720_1721",1,1,0,1,1,0
"1253","1721_626",1,1,0,1,1,0
"1254","1721_627",1,1,0,1,1,0
"1255","1720_1722",1,1,0,1,1,0
"1256","1722_1723",1,1,0,1,1,0
"1257","1723_628",1,1,0,1,1,0
"1258","1723_1724",1,1,0,1,1,0
"1259","1724_1725",1,0,1,1,0.998,0
"1260","1725_629",0,0,0,0.998,1,1
"1261","1725_630",0,0,0,0.998,1,1
"1262","1724_1726",1,1,0,1,1,0
"1263","1726_631",1,1,0,1,1,0
"1264","1726_632",1,1,0,1,1,0
"1265","1722_1727",1,1,0,1,0.998,0
"1266","1727_1728",1,1,0,0.998,0.982,0
"1267","1728_633",1,1,0,0.982,1,1
"1268","1728_634",1,0,1,0.982,1,1
"1269","1727_635",1,1,0,0.998,1,1
"1270","1678_1729",1,1,0,1,1,0
"1271","1729_1730",1,1,0,1,1,0
"1272","1730_636",1,1,0,1,1,0
"1273","1730_1731",1,1,0,1,1,0
"1274","1731_637",1,1,0,1,1,0
"1275","1731_1732",1,1,0,1,1,0
"1276","1732_638",1,1,0,1,1,0
"1277","1732_1733",1,1,0,1,1,0
"1278","1733_639",1,1,0,1,1,0
"1279","1733_1734",1,1,0,1,1,0
"1280","1734_640",1,1,0,1,1,0
"1281","1734_1735",1,1,0,1,1,0
"1282","1735_641",1,1,0,1,1,0
"1283","1735_1736",1,1,0,1,1,0
"1284","1736_642",1,1,0,1,1,0
"1285","1736_643",1,1,0,1,1,0
"1286","1729_1737",1,1,0,1,1,0
"1287","1737_1738",1,1,0,1,1,0
"1288","1738_1739",1,1,0,1,1,0
"1289","1739_644",1,1,0,1,1,0
"1290","1739_1740",1,1,0,1,1,0
"1291","1740_1741",1,1,0,1,1,0
"1292","1741_645",1,1,0,1,1,0
"1293","1741_646",1,1,0,1,1,0
"1294","1740_1742",1,1,0,1,1,0
"1295","1742_1743",1,1,0,1,1,0
"1296","1743_647",1,1,0,1,1,0
"1297","1743_648",1,1,0,1,1,0
"1298","1742_1744",1,1,0,1,1,0
"1299","1744_1745",1,1,0,1,1,0
"1300","1745_649",1,1,0,1,1,0
"1301","1745_650",1,1,0,1,1,0
"1302","1744_1746",1,1,0,1,1,0
"1303","1746_651",1,1,0,1,1,0
"1304","1746_652",1,1,0,1,1,0
"1305","1738_1747",1,1,0,1,1,0
"1306","1747_1748",1,1,0,1,1,0
"1307","1748_1749",1,1,0,1,1,0
"1308","1749_1750",1,1,0,1,1,0
"1309","1750_653",1,1,0,1,1,0
"1310","1750_654",1,1,0,1,1,0
"1311","1749_1751",1,1,0,1,1,0
"1312","1751_1752",1,1,0,1,1,0
"1313","1752_1753",1,1,0,1,1,0
"1314","1753_655",1,1,0,1,1,0
"1315","1753_656",1,1,0,1,1,0
"1316","1752_1754",1,1,0,1,1,0
"1317","1754_657",1,1,0,1,1,0
"1318","1754_658",1,1,0,1,1,0
"1319","1751_1755",1,1,0,1,1,0
"1320","1755_659",1,1,0,1,1,0
"1321","1755_1756",1,1,0,1,1,0
"1322","1756_660",1,1,0,1,1,0
"1323","1756_661",1,1,0,1,1,0
"1324","1748_1757",1,1,0,1,1,0
"1325","1757_662",1,1,0,1,1,0
"1326","1757_1758",1,1,0,1,1,0
"1327","1758_663",1,1,0,1,1,0
"1328","1758_664",1,1,0,1,1,0
"1329","1747_1759",1,1,0,1,1,0
"1330","1759_1760",1,1,0,1,1,0
"1331","1760_1761",1,1,0,1,1,0
"1332","1761_665",1,1,0,1,1,0
"1333","1761_666",1,1,0,1,1,0
"1334","1760_1762",1,1,0,1,1,0
"1335","1762_667",1,1,0,1,1,0
"1336","1762_668",1,1,0,1,1,0
"1337","1759_1763",1,1,0,1,1,0
"1338","1763_669",1,1,0,1,1,0
"1339","1763_1764",1,1,0,1,1,0
"1340","1764_670",1,1,0,1,1,0
"1341","1764_1765",1,1,0,1,1,0
"1342","1765_671",1,1,0,1,1,0
"1343","1765_672",1,1,0,1,1,0
"1344","1737_1766",1,1,0,1,1,0
"1345","1766_1767",1,1,0,1,1,0
"1346","1767_1768",1,1,0,1,1,0
"1347","1768_673",1,1,0,1,1,0
"1348","1768_674",1,1,0,1,1,0
"1349","1767_1769",1,1,0,1,1,0
"1350","1769_1770",1,1,0,1,1,0
"1351","1770_1771",1,1,0,1,1,0
"1352","1771_675",1,1,0,1,1,0
"1353","1771_1772",1,1,0,1,1,0
"1354","1772_676",1,1,0,1,1,0
"1355","1772_677",1,1,0,1,1,0
"1356","1770_678",1,1,0,1,1,0
"1357","1769_1773",1,1,0,1,1,0
"1358","1773_679",1,1,0,1,1,0
"1359","1773_680",1,1,0,1,1,0
"1360","1766_1774",1,1,0,1,1,0
"1361","1774_1775",1,1,0,1,1,0
"1362","1775_1776",1,1,0,1,1,0
"1363","1776_681",1,1,0,1,1,0
"1364","1776_1777",1,1,0,1,1,0
"1365","1777_682",1,1,0,1,1,0
"1366","1777_683",1,1,0,1,1,0
"1367","1775_1778",1,1,0,1,1,0
"1368","1778_1779",1,1,0,1,1,0
"1369","1779_1780",1,1,0,1,1,0
"1370","1780_1781",1,1,0,1,1,0
"1371","1781_684",1,1,0,1,1,0
"1372","1781_1782",1,1,0,1,0.998,0
"1373","1782_1783",1,0,1,0.998,0.998,0
"1374","1783_685",0,0,0,0.998,1,1
"1375","1783_686",0,0,0,0.998,1,1
"1376","1782_1784",1,1,0,0.998,1,1
"1377","1784_687",1,1,0,1,1,0
"1378","1784_1785",1,1,0,1,1,0
"1379","1785_688",1,1,0,1,1,0
"1380","1785_689",1,1,0,1,1,0
"1381","1780_1786",1,1,0,1,1,0
"1382","1786_1787",1,1,0,1,1,0
"1383","1787_1788",1,1,0,1,1,0
"1384","1788_1789",1,1,0,1,1,0
"1385","1789_690",1,1,0,1,1,0
"1386","1789_1790",1,1,0,1,1,0
"1387","1790_1791",1,1,0,1,1,0
"1388","1791_1792",1,1,0,1,1,0
"1389","1792_691",1,1,0,1,1,0
"1390","1792_1793",1,1,0,1,1,0
"1391","1793_1794",1,1,0,1,1,0
"1392","1794_1795",1,1,0,1,1,0
"1393","1795_692",1,1,0,1,1,0
"1394","1795_1796",1,1,0,1,1,0
"1395","1796_693",1,1,0,1,1,0
"1396","1796_694",1,1,0,1,1,0
"1397","1794_1797",1,1,0,1,1,0
"1398","1797_1798",1,1,0,1,1,0
"1399","1798_695",1,1,0,1,1,0
"1400","1798_696",1,1,0,1,1,0
"1401","1797_697",1,1,0,1,1,0
"1402","1793_1799",1,1,0,1,1,0
"1403","1799_1800",1,1,0,1,1,0
"1404","1800_698",1,1,0,1,1,0
"1405","1800_699",1,1,0,1,1,0
"1406","1799_1801",1,1,0,1,1,0
"1407","1801_700",1,1,0,1,1,0
"1408","1801_1802",1,1,0,1,1,0
"1409","1802_701",1,1,0,1,1,0
"1410","1802_702",1,1,0,1,1,0
"1411","1791_1803",1,1,0,1,1,0
"1412","1803_703",1,1,0,1,1,0
"1413","1803_1804",1,1,0,1,1,0
"1414","1804_1805",1,1,0,1,1,0
"1415","1805_1806",1,1,0,1,1,0
"1416","1806_1807",1,1,0,1,1,0
"1417","1807_704",1,1,0,1,1,0
"1418","1807_705",1,1,0,1,1,0
"1419","1806_1808",1,1,0,1,1,0
"1420","1808_1809",1,1,0,1,1,0
"1421","1809_706",1,1,0,1,1,0
"1422","1809_1810",1,1,0,1,1,0
"1423","1810_1811",1,1,0,1,1,0
"1424","1811_1812",1,1,0,1,1,0
"1425","1812_707",1,1,0,1,1,0
"1426","1812_1813",1,1,0,1,1,0
"1427","1813_708",1,1,0,1,1,0
"1428","1813_709",1,1,0,1,1,0
"1429","1811_710",1,1,0,1,1,0
"1430","1810_711",1,1,0,1,1,0
"1431","1808_1814",1,1,0,1,1,0
"1432","1814_712",1,1,0,1,1,0
"1433","1814_1815",1,1,0,1,1,0
"1434","1815_713",1,1,0,1,1,0
"1435","1815_1816",1,1,0,1,1,0
"1436","1816_714",1,0,1,1,1,0
"1437","1816_1817",1,1,0,1,1,0
"1438","1817_715",1,1,0,1,1,0
"1439","1817_716",1,1,0,1,1,0
"1440","1805_1818",1,1,0,1,1,0
"1441","1818_1819",1,1,0,1,1,0
"1442","1819_717",1,1,0,1,1,0
"1443","1819_1820",1,1,0,1,1,0
"1444","1820_1821",1,1,0,1,1,0
"1445","1821_1822",1,1,0,1,1,0
"1446","1822_718",1,1,0,1,1,0
"1447","1822_719",1,1,0,1,1,0
"1448","1821_1823",1,1,0,1,1,0
"1449","1823_1824",1,1,0,1,1,0
"1450","1824_1825",1,1,0,1,1,0
"1451","1825_720",1,1,0,1,1,0
"1452","1825_721",1,1,0,1,1,0
"1453","1824_722",1,1,0,1,1,0
"1454","1823_1826",1,1,0,1,1,0
"1455","1826_723",1,1,0,1,1,0
"1456","1826_724",1,1,0,1,1,0
"1457","1820_1827",1,1,0,1,1,0
"1458","1827_1828",1,1,0,1,1,0
"1459","1828_725",1,1,0,1,1,0
"1460","1828_726",1,1,0,1,1,0
"1461","1827_1829",1,1,0,1,1,0
"1462","1829_1830",1,1,0,1,1,0
"1463","1830_727",1,1,0,1,1,0
"1464","1830_1831",1,1,0,1,1,0
"1465","1831_728",1,1,0,1,1,0
"1466","1831_729",1,1,0,1,1,0
"1467","1829_730",1,1,0,1,1,0
"1468","1818_1832",1,1,0,1,1,0
"1469","1832_1833",1,1,0,1,1,0
"1470","1833_1834",1,1,0,1,1,0
"1471","1834_731",1,1,0,1,1,0
"1472","1834_732",1,1,0,1,1,0
"1473","1833_733",1,1,0,1,1,0
"1474","1832_1835",1,1,0,1,1,0
"1475","1835_1836",1,1,0,1,1,0
"1476","1836_734",1,1,0,1,1,0
"1477","1836_1837",1,1,0,1,1,0
"1478","1837_735",1,1,0,1,1,0
"1479","1837_736",1,1,0,1,1,0
"1480","1835_1838",1,1,0,1,1,0
"1481","1838_1839",1,1,0,1,1,0
"1482","1839_737",1,1,0,1,1,0
"1483","1839_1840",1,1,0,1,1,0
"1484","1840_738",1,0,1,1,1,0
"1485","1840_739",1,1,0,1,1,0
"1486","1838_1841",1,1,0,1,1,0
"1487","1841_1842",1,1,0,1,1,0
"1488","1842_740",1,1,0,1,1,0
"1489","1842_741",1,1,0,1,1,0
"1490","1841_1843",1,1,0,1,1,0
"1491","1843_1844",1,1,0,1,1,0
"1492","1844_1845",1,1,0,1,1,0
"1493","1845_742",1,1,0,1,1,0
"1494","1845_743",1,1,0,1,1,0
"1495","1844_1846",1,1,0,1,1,0
"1496","1846_1847",1,1,0,1,1,0
"1497","1847_744",1,1,0,1,1,0
"1498","1847_745",1,1,0,1,1,0
"1499","1846_746",1,1,0,1,1,0
"1500","1843_1848",1,1,0,1,1,0
"1501","1848_1849",1,1,0,1,1,0
"1502","1849_1850",1,1,0,1,1,0
"1503","1850_1851",1,1,0,1,1,0
"1504","1851_1852",1,1,0,1,1,0
"1505","1852_747",1,1,0,1,1,0
"1506","1852_748",1,1,0,1,1,0
"1507","1851_1853",1,1,0,1,1,0
"1508","1853_1854",1,1,0,1,1,0
"1509","1854_749",1,1,0,1,1,0
"1510","1854_750",1,1,0,1,1,0
"1511","1853_751",1,1,0,1,1,0
"1512","1850_1855",1,1,0,1,1,0
"1513","1855_752",1,1,0,1,1,0
"1514","1855_753",1,1,0,1,1,0
"1515","1849_1856",1,1,0,1,1,0
"1516","1856_754",1,1,0,1,1,0
"1517","1856_1857",1,1,0,1,1,0
"1518","1857_1858",1,1,0,1,1,0
"1519","1858_1859",1,1,0,1,1,0
"1520","1859_755",1,1,0,1,1,0
"1521","1859_756",1,1,0,1,1,0
"1522","1858_757",1,1,0,1,1,0
"1523","1857_1860",1,1,0,1,1,0
"1524","1860_1861",1,1,0,1,1,0
"1525","1861_758",1,1,0,1,1,0
"1526","1861_1862",1,1,0,1,1,0
"1527","1862_759",1,1,0,1,1,0
"1528","1862_760",1,1,0,1,1,0
"1529","1860_1863",1,1,0,1,1,0
"1530","1863_761",1,1,0,1,1,0
"1531","1863_1864",1,1,0,1,1,0
"1532","1864_1865",1,1,0,1,1,0
"1533","1865_762",1,1,0,1,1,0
"1534","1865_1866",1,1,0,1,1,0
"1535","1866_1867",1,1,0,1,1,0
"1536","1867_1868",1,1,0,1,1,0
"1537","1868_763",1,1,0,1,1,0
"1538","1868_764",1,1,0,1,1,0
"1539","1867_1869",1,1,0,1,1,0
"1540","1869_765",1,1,0,1,1,0
"1541","1869_1870",1,1,0,1,1,0
"1542","1870_1871",1,1,0,1,1,0
"1543","1871_766",1,1,0,1,1,0
"1544","1871_1872",1,1,0,1,1,0
"1545","1872_1873",1,1,0,1,1,0
"1546","1873_767",1,1,0,1,1,0
"1547","1873_1874",1,1,0,1,1,0
"1548","1874_768",1,0,1,1,1,0
"1549","1874_769",1,1,0,1,1,0
"1550","1872_1875",1,1,0,1,1,0
"1551","1875_770",1,1,0,1,1,0
"1552","1875_1876",1,1,0,1,1,0
"1553","1876_771",1,1,0,1,1,0
"1554","1876_772",1,1,0,1,1,0
"1555","1870_773",1,1,0,1,1,0
"1556","1866_774",1,1,0,1,1,0
"1557","1864_1877",1,1,0,1,1,0
"1558","1877_1878",1,1,0,1,1,0
"1559","1878_775",1,1,0,1,1,0
"1560","1878_1879",1,1,0,1,1,0
"1561","1879_776",1,1,0,1,1,0
"1562","1879_777",1,1,0,1,1,0
"1563","1877_778",1,1,0,1,1,0
"1564","1848_1880",1,1,0,1,1,0
"1565","1880_1881",1,1,0,1,1,0
"1566","1881_1882",1,1,0,1,0.99,0
"1567","1882_1883",1,1,0,0.99,0.642,0
"1568","1883_1884",1,0,1,0.642,0.996,1
"1569","1884_1885",0,0,0,0.996,1,1
"1570","1885_779",0,0,0,1,1,0
"1571","1885_780",0,0,0,1,1,0
"1572","1884_781",0,0,0,0.996,1,1
"1573","1883_1886",1,1,0,0.642,0.638,0
"1574","1886_1887",1,1,0,0.638,0.858,1
"1575","1887_1888",1,1,0,0.858,0.86,1
"1576","1888_782",1,1,0,0.86,1,1
"1577","1888_1889",1,0,1,0.86,0.98,1
"1578","1889_783",0,0,0,0.98,1,1
"1579","1889_784",0,0,0,0.98,1,1
"1580","1887_1890",1,1,0,0.858,0.998,1
"1581","1890_785",1,1,0,0.998,1,1
"1582","1890_1891",1,1,0,0.998,1,1
"1583","1891_1892",1,1,0,1,0.996,0
"1584","1892_786",1,0,1,0.996,1,1
"1585","1892_787",1,1,0,0.996,1,1
"1586","1891_788",1,1,0,1,1,0
"1587","1886_1893",1,0,1,0.638,0.826,1
"1588","1893_1894",0,0,0,0.826,0.994,1
"1589","1894_789",0,0,0,0.994,1,1
"1590","1894_790",0,0,0,0.994,1,1
"1591","1893_791",0,0,0,0.826,1,1
"1592","1882_792",1,1,0,0.99,1,1
"1593","1881_793",1,1,0,1,1,0
"1594","1880_794",1,1,0,1,1,0
"1595","1804_1895",1,1,0,1,1,0
"1596","1895_795",1,1,0,1,1,0
"1597","1895_1896",1,1,0,1,1,0
"1598","1896_796",1,1,0,1,1,0
"1599","1896_1897",1,1,0,1,1,0
"1600","1897_797",1,1,0,1,1,0
"1601","1897_1898",1,1,0,1,1,0
"1602","1898_798",1,1,0,1,1,0
"1603","1898_799",1,1,0,1,1,0
"1604","1790_1899",1,1,0,1,1,0
"1605","1899_800",1,1,0,1,1,0
"1606","1899_1900",1,1,0,1,1,0
"1607","1900_1901",1,1,0,1,1,0
"1608","1901_801",1,1,0,1,1,0
"1609","1901_1902",1,1,0,1,1,0
"1610","1902_1903",1,1,0,1,1,0
"1611","1903_802",1,1,0,1,1,0
"1612","1903_803",1,1,0,1,1,0
"1613","1902_804",1,1,0,1,1,0
"1614","1900_1904",1,1,0,1,1,0
"1615","1904_805",1,1,0,1,1,0
"1616","1904_1905",1,1,0,1,1,0
"1617","1905_806",1,1,0,1,1,0
"1618","1905_807",1,1,0,1,1,0
"1619","1788_1906",1,1,0,1,1,0
"1620","1906_1907",1,1,0,1,1,0
"1621","1907_1908",1,1,0,1,1,0
"1622","1908_1909",1,1,0,1,1,0
"1623","1909_808",1,1,0,1,1,0
"1624","1909_1910",1,1,0,1,1,0
"1625","1910_1911",1,1,0,1,1,0
"1626","1911_1912",1,1,0,1,1,0
"1627","1912_809",1,1,0,1,1,0
"1628","1912_810",1,1,0,1,1,0
"1629","1911_811",1,1,0,1,1,0
"1630","1910_1913",1,1,0,1,1,0
"1631","1913_812",1,1,0,1,1,0
"1632","1913_813",1,1,0,1,1,0
"1633","1908_1914",1,1,0,1,1,0
"1634","1914_1915",1,1,0,1,1,0
"1635","1915_814",1,1,0,1,1,0
"1636","1915_815",1,1,0,1,1,0
"1637","1914_816",1,1,0,1,1,0
"1638","1907_1916",1,1,0,1,1,0
"1639","1916_817",1,1,0,1,1,0
"1640","1916_818",1,1,0,1,1,0
"1641","1906_1917",1,1,0,1,1,0
"1642","1917_1918",1,1,0,1,1,0
"1643","1918_1919",1,1,0,1,1,0
"1644","1919_819",1,1,0,1,1,0
"1645","1919_1920",1,1,0,1,1,0
"1646","1920_820",1,1,0,1,1,0
"1647","1920_821",1,1,0,1,1,0
"1648","1918_1921",1,1,0,1,1,0
"1649","1921_1922",1,1,0,1,1,0
"1650","1922_822",1,1,0,1,1,0
"1651","1922_1923",1,1,0,1,1,0
"1652","1923_823",1,1,0,1,1,0
"1653","1923_824",1,1,0,1,1,0
"1654","1921_1924",1,1,0,1,1,0
"1655","1924_1925",1,1,0,1,1,0
"1656","1925_825",1,1,0,1,1,0
"1657","1925_826",1,1,0,1,1,0
"1658","1924_1926",1,1,0,1,1,0
"1659","1926_1927",1,1,0,1,1,0
"1660","1927_827",1,1,0,1,1,0
"1661","1927_828",1,1,0,1,1,0
"1662","1926_1928",1,1,0,1,1,0
"1663","1928_1929",1,1,0,1,1,0
"1664","1929_1930",1,1,0,1,1,0
"1665","1930_829",1,1,0,1,1,0
"1666","1930_830",1,1,0,1,1,0
"1667","1929_1931",1,1,0,1,1,0
"1668","1931_1932",1,1,0,1,1,0
"1669","1932_831",1,1,0,1,1,0
"1670","1932_1933",1,1,0,1,1,0
"1671","1933_832",1,1,0,1,1,0
"1672","1933_1934",1,1,0,1,1,0
"1673","1934_833",1,1,0,1,1,0
"1674","1934_1935",1,1,0,1,1,0
"1675","1935_834",1,1,0,1,1,0
"1676","1935_835",1,1,0,1,1,0
"1677","1931_1936",1,1,0,1,1,0
"1678","1936_1937",1,1,0,1,1,0
"1679","1937_1938",1,1,0,1,1,0
"1680","1938_836",1,1,0,1,1,0
"1681","1938_837",1,1,0,1,1,0
"1682","1937_1939",1,1,0,1,1,0
"1683","1939_838",1,1,0,1,1,0
"1684","1939_839",1,1,0,1,1,0
"1685","1936_1940",1,1,0,1,1,0
"1686","1940_840",1,1,0,1,1,0
"1687","1940_1941",1,1,0,1,1,0
"1688","1941_841",1,1,0,1,1,0
"1689","1941_1942",1,1,0,1,1,0
"1690","1942_842",1,1,0,1,1,0
"1691","1942_843",1,1,0,1,1,0
"1692","1928_1943",1,1,0,1,1,0
"1693","1943_1944",1,1,0,1,1,0
"1694","1944_844",1,1,0,1,1,0
"1695","1944_845",1,1,0,1,1,0
"1696","1943_846",1,1,0,1,1,0
"1697","1917_1945",1,1,0,1,1,0
"1698","1945_1946",1,1,0,1,1,0
"1699","1946_847",1,1,0,1,1,0
"1700","1946_848",1,1,0,1,1,0
"1701","1945_849",1,1,0,1,1,0
"1702","1787_1947",1,1,0,1,1,0
"1703","1947_1948",1,1,0,1,1,0
"1704","1948_1949",1,1,0,1,1,0
"1705","1949_850",1,1,0,1,1,0
"1706","1949_1950",1,1,0,1,1,0
"1707","1950_851",1,1,0,1,1,0
"1708","1950_852",1,1,0,1,1,0
"1709","1948_853",1,1,0,1,1,0
"1710","1947_1951",1,1,0,1,1,0
"1711","1951_1952",1,1,0,1,1,0
"1712","1952_854",1,1,0,1,1,0
"1713","1952_855",1,1,0,1,1,0
"1714","1951_1953",1,1,0,1,1,0
"1715","1953_856",1,1,0,1,1,0
"1716","1953_1954",1,1,0,1,1,0
"1717","1954_857",1,1,0,1,1,0
"1718","1954_858",1,1,0,1,1,0
"1719","1786_1955",1,1,0,1,1,0
"1720","1955_1956",1,1,0,1,1,0
"1721","1956_1957",1,1,0,1,1,0
"1722","1957_859",1,1,0,1,1,0
"1723","1957_1958",1,1,0,1,1,0
"1724","1958_860",1,1,0,1,1,0
"1725","1958_861",1,1,0,1,1,0
"1726","1956_1959",1,1,0,1,1,0
"1727","1959_862",1,1,0,1,1,0
"1728","1959_863",1,1,0,1,1,0
"1729","1955_1960",1,1,0,1,1,0
"1730","1960_864",1,1,0,1,1,0
"1731","1960_1961",1,1,0,1,1,0
"1732","1961_1962",1,1,0,1,1,0
"1733","1962_1963",1,1,0,1,1,0
"1734","1963_1964",1,1,0,1,1,0
"1735","1964_865",1,1,0,1,1,0
"1736","1964_866",1,1,0,1,1,0
"1737","1963_1965",1,1,0,1,1,0
"1738","1965_867",1,1,0,1,1,0
"1739","1965_1966",1,1,0,1,1,0
"1740","1966_868",1,1,0,1,1,0
"1741","1966_1967",1,1,0,1,1,0
"1742","1967_869",1,1,0,1,1,0
"1743","1967_1968",1,1,0,1,1,0
"1744","1968_870",1,1,0,1,1,0
"1745","1968_1969",1,1,0,1,1,0
"1746","1969_1970",1,1,0,1,1,0
"1747","1970_871",1,1,0,1,1,0
"1748","1970_872",1,1,0,1,1,0
"1749","1969_1971",1,1,0,1,1,0
"1750","1971_1972",1,1,0,1,1,0
"1751","1972_873",1,1,0,1,1,0
"1752","1972_874",1,1,0,1,1,0
"1753","1971_875",1,1,0,1,1,0
"1754","1962_1973",1,1,0,1,1,0
"1755","1973_876",1,1,0,1,1,0
"1756","1973_1974",1,1,0,1,1,0
"1757","1974_877",1,1,0,1,1,0
"1758","1974_1975",1,1,0,1,1,0
"1759","1975_878",1,1,0,1,1,0
"1760","1975_879",1,1,0,1,1,0
"1761","1961_1976",1,1,0,1,1,0
"1762","1976_880",1,1,0,1,1,0
"1763","1976_1977",1,1,0,1,1,0
"1764","1977_881",1,1,0,1,1,0
"1765","1977_882",1,1,0,1,1,0
"1766","1779_883",1,1,0,1,1,0
"1767","1778_1978",1,1,0,1,1,0
"1768","1978_1979",1,1,0,1,1,0
"1769","1979_1980",1,1,0,1,1,0
"1770","1980_1981",1,1,0,1,1,0
"1771","1981_884",1,1,0,1,1,0
"1772","1981_885",1,1,0,1,1,0
"1773","1980_886",1,1,0,1,1,0
"1774","1979_1982",1,1,0,1,1,0
"1775","1982_887",1,1,0,1,1,0
"1776","1982_1983",1,1,0,1,1,0
"1777","1983_888",1,1,0,1,1,0
"1778","1983_889",1,1,0,1,1,0
"1779","1978_1984",1,1,0,1,1,0
"1780","1984_1985",1,1,0,1,1,0
"1781","1985_1986",1,1,0,1,1,0
"1782","1986_1987",1,1,0,1,1,0
"1783","1987_890",1,1,0,1,1,0
"1784","1987_1988",1,1,0,1,1,0
"1785","1988_891",1,1,0,1,1,0
"1786","1988_892",1,1,0,1,1,0
"1787","1986_1989",1,1,0,1,1,0
"1788","1989_893",1,1,0,1,1,0
"1789","1989_1990",1,1,0,1,1,0
"1790","1990_894",1,1,0,1,1,0
"1791","1990_895",1,1,0,1,1,0
"1792","1985_1991",1,1,0,1,1,0
"1793","1991_1992",1,1,0,1,1,0
"1794","1992_1993",1,1,0,1,1,0
"1795","1993_896",1,1,0,1,1,0
"1796","1993_1994",1,1,0,1,1,0
"1797","1994_1995",1,1,0,1,1,0
"1798","1995_897",1,1,0,1,1,0
"1799","1995_898",1,1,0,1,1,0
"1800","1994_1996",1,1,0,1,1,0
"1801","1996_1997",1,1,0,1,1,0
"1802","1997_1998",1,1,0,1,1,0
"1803","1998_899",1,1,0,1,1,0
"1804","1998_1999",1,1,0,1,1,0
"1805","1999_900",1,1,0,1,1,0
"1806","1999_901",1,1,0,1,1,0
"1807","1997_2000",1,1,0,1,1,0
"1808","2000_2001",1,1,0,1,1,0
"1809","2001_902",1,1,0,1,1,0
"1810","2001_2002",1,1,0,1,1,0
"1811","2002_2003",1,1,0,1,1,0
"1812","2003_903",1,1,0,1,1,0
"1813","2003_904",1,1,0,1,1,0
"1814","2002_2004",1,1,0,1,1,0
"1815","2004_2005",1,1,0,1,1,0
"1816","2005_905",1,1,0,1,1,0
"1817","2005_906",1,1,0,1,1,0
"1818","2004_907",1,1,0,1,1,0
"1819","2000_2006",1,1,0,1,1,0
"1820","2006_908",1,1,0,1,1,0
"1821","2006_909",1,1,0,1,1,0
"1822","1996_910",1,1,0,1,1,0
"1823","1992_2007",1,1,0,1,1,0
"1824","2007_2008",1,1,0,1,1,0
"1825","2008_2009",1,1,0,1,1,0
"1826","2009_911",1,1,0,1,1,0
"1827","2009_912",1,1,0,1,1,0
"1828","2008_2010",1,1,0,1,1,0
"1829","2010_913",1,1,0,1,1,0
"1830","2010_914",1,1,0,1,1,0
"1831","2007_2011",1,1,0,1,1,0
"1832","2011_2012",1,0,1,1,1,0
"1833","2012_915",0,0,0,1,1,0
"1834","2012_916",0,0,0,1,1,0
"1835","2011_2013",1,1,0,1,1,0
"1836","2013_2014",1,1,0,1,1,0
"1837","2014_2015",1,1,0,1,1,0
"1838","2015_917",1,1,0,1,1,0
"1839","2015_2016",1,1,0,1,1,0
"1840","2016_918",1,1,0,1,1,0
"1841","2016_919",1,1,0,1,1,0
"1842","2014_2017",1,1,0,1,1,0
"1843","2017_920",1,1,0,1,1,0
"1844","2017_2018",1,1,0,1,1,0
"1845","2018_921",1,1,0,1,1,0
"1846","2018_922",1,1,0,1,1,0
"1847","2013_2019",1,1,0,1,1,0
"1848","2019_923",1,1,0,1,1,0
"1849","2019_2020",1,1,0,1,1,0
"1850","2020_2021",1,1,0,1,1,0
"1851","2021_924",1,1,0,1,1,0
"1852","2021_2022",1,1,0,1,1,0
"1853","2022_925",1,1,0,1,1,0
"1854","2022_2023",1,1,0,1,1,0
"1855","2023_2024",1,1,0,1,1,0
"1856","2024_926",1,1,0,1,1,0
"1857","2024_927",1,1,0,1,1,0
"1858","2023_2025",1,1,0,1,1,0
"1859","2025_2026",1,1,0,1,1,0
"1860","2026_928",1,1,0,1,1,0
"1861","2026_929",1,1,0,1,1,0
"1862","2025_930",1,1,0,1,1,0
"1863","2020_2027",1,1,0,1,1,0
"1864","2027_2028",1,1,0,1,1,0
"1865","2028_931",1,1,0,1,1,0
"1866","2028_932",1,1,0,1,1,0
"1867","2027_2029",1,1,0,1,1,0
"1868","2029_2030",1,1,0,1,1,0
"1869","2030_933",1,1,0,1,1,0
"1870","2030_2031",1,1,0,1,1,0
"1871","2031_934",1,1,0,1,1,0
"1872","2031_2032",1,1,0,1,1,0
"1873","2032_2033",1,1,0,1,1,0
"1874","2033_935",1,1,0,1,1,0
"1875","2033_2034",1,1,0,1,1,0
"1876","2034_936",1,1,0,1,1,0
"1877","2034_937",1,1,0,1,1,0
"1878","2032_938",1,1,0,1,1,0
"1879","2029_2035",1,1,0,1,1,0
"1880","2035_939",1,1,0,1,1,0
"1881","2035_2036",1,1,0,1,1,0
"1882","2036_940",1,1,0,1,1,0
"1883","2036_941",1,1,0,1,1,0
"1884","1991_2037",1,1,0,1,1,0
"1885","2037_942",1,0,1,1,1,0
"1886","2037_2038",1,1,0,1,1,0
"1887","2038_2039",1,1,0,1,1,0
"1888","2039_943",1,1,0,1,1,0
"1889","2039_2040",1,1,0,1,1,0
"1890","2040_944",1,1,0,1,1,0
"1891","2040_2041",1,1,0,1,1,0
"1892","2041_945",1,1,0,1,1,0
"1893","2041_946",1,1,0,1,1,0
"1894","2038_2042",1,1,0,1,1,0
"1895","2042_947",1,1,0,1,1,0
"1896","2042_948",1,1,0,1,1,0
"1897","1984_2043",1,1,0,1,1,0
"1898","2043_2044",1,1,0,1,1,0
"1899","2044_949",1,1,0,1,1,0
"1900","2044_2045",1,1,0,1,1,0
"1901","2045_2046",1,1,0,1,1,0
"1902","2046_950",1,1,0,1,1,0
"1903","2046_951",1,1,0,1,1,0
"1904","2045_2047",1,1,0,1,1,0
"1905","2047_952",1,1,0,1,1,0
"1906","2047_953",1,1,0,1,1,0
"1907","2043_2048",1,1,0,1,1,0
"1908","2048_2049",1,1,0,1,1,0
"1909","2049_954",1,1,0,1,1,0
"1910","2049_955",1,1,0,1,1,0
"1911","2048_2050",1,1,0,1,1,0
"1912","2050_956",1,1,0,1,1,0
"1913","2050_2051",1,1,0,1,1,0
"1914","2051_2052",1,1,0,1,1,0
"1915","2052_957",1,1,0,1,1,0
"1916","2052_958",1,1,0,1,1,0
"1917","2051_2053",1,1,0,1,1,0
"1918","2053_959",1,1,0,1,1,0
"1919","2053_960",1,1,0,1,1,0
"1920","1774_2054",1,1,0,1,1,0
"1921","2054_961",1,1,0,1,1,0
"1922","2054_2055",1,1,0,1,1,0
"1923","2055_2056",1,1,0,1,0.998,0
"1924","2056_962",1,0,1,0.998,1,1
"1925","2056_2057",1,1,0,0.998,1,1
"1926","2057_2058",1,1,0,1,1,0
"1927","2058_2059",1,1,0,1,1,0
"1928","2059_963",1,1,0,1,1,0
"1929","2059_2060",1,1,0,1,1,0
"1930","2060_964",1,1,0,1,1,0
"1931","2060_2061",1,1,0,1,1,0
"1932","2061_965",1,1,0,1,1,0
"1933","2061_2062",1,1,0,1,1,0
"1934","2062_2063",1,1,0,1,1,0
"1935","2063_2064",1,1,0,1,1,0
"1936","2064_966",1,1,0,1,1,0
"1937","2064_967",1,1,0,1,1,0
"1938","2063_2065",1,1,0,1,1,0
"1939","2065_968",1,1,0,1,1,0
"1940","2065_2066",1,1,0,1,1,0
"1941","2066_2067",1,1,0,1,1,0
"1942","2067_969",1,1,0,1,1,0
"1943","2067_2068",1,1,0,1,1,0
"1944","2068_2069",1,1,0,1,1,0
"1945","2069_970",1,1,0,1,1,0
"1946","2069_971",1,1,0,1,1,0
"1947","2068_972",1,1,0,1,1,0
"1948","2066_973",1,1,0,1,1,0
"1949","2062_2070",1,1,0,1,1,0
"1950","2070_2071",1,1,0,1,1,0
"1951","2071_974",1,1,0,1,1,0
"1952","2071_975",1,1,0,1,1,0
"1953","2070_976",1,1,0,1,1,0
"1954","2058_977",1,1,0,1,1,0
"1955","2057_2072",1,1,0,1,1,0
"1956","2072_2073",1,1,0,1,1,0
"1957","2073_978",1,1,0,1,1,0
"1958","2073_979",1,1,0,1,1,0
"1959","2072_2074",1,1,0,1,1,0
"1960","2074_2075",1,1,0,1,1,0
"1961","2075_980",1,1,0,1,1,0
"1962","2075_2076",1,1,0,1,1,0
"1963","2076_981",1,1,0,1,1,0
"1964","2076_982",1,1,0,1,1,0
"1965","2074_2077",1,1,0,1,1,0
"1966","2077_2078",1,1,0,1,1,0
"1967","2078_983",1,1,0,1,1,0
"1968","2078_2079",1,1,0,1,1,0
"1969","2079_984",1,1,0,1,1,0
"1970","2079_985",1,1,0,1,1,0
"1971","2077_2080",1,1,0,1,1,0
"1972","2080_2081",1,1,0,1,1,0
"1973","2081_986",1,1,0,1,1,0
"1974","2081_987",1,1,0,1,1,0
"1975","2080_988",1,1,0,1,1,0
"1976","2055_2082",1,1,0,1,1,0
"1977","2082_2083",1,1,0,1,1,0
"1978","2083_2084",1,1,0,1,1,0
"1979","2084_2085",1,1,0,1,1,0
"1980","2085_989",1,1,0,1,1,0
"1981","2085_990",1,1,0,1,1,0
"1982","2084_2086",1,1,0,1,1,0
"1983","2086_2087",1,1,0,1,1,0
"1984","2087_991",1,1,0,1,1,0
"1985","2087_2088",1,1,0,1,1,0
"1986","2088_992",1,1,0,1,1,0
"1987","2088_993",1,1,0,1,1,0
"1988","2086_994",1,1,0,1,1,0
"1989","2083_2089",1,1,0,1,1,0
"1990","2089_2090",1,1,0,1,1,0
"1991","2090_995",1,1,0,1,1,0
"1992","2090_996",1,1,0,1,1,0
"1993","2089_997",1,1,0,1,1,0
"1994","2082_2091",1,1,0,1,1,0
"1995","2091_2092",1,1,0,1,1,0
"1996","2092_2093",1,1,0,1,1,0
"1997","2093_998",1,1,0,1,1,0
"1998","2093_2094",1,1,0,1,1,0
"1999","2094_2095",1,1,0,1,1,0
"2000","2095_999",1,1,0,1,1,0
"2001","2095_2096",1,1,0,1,1,0
"2002","2096_1000",1,1,0,1,1,0
"2003","2096_2097",1,1,0,1,1,0
"2004","2097_1001",1,1,0,1,1,0
"2005","2097_2098",1,1,0,1,1,0
"2006","2098_1002",1,1,0,1,1,0
"2007","2098_1003",1,1,0,1,1,0
"2008","2094_2099",1,1,0,1,1,0
"2009","2099_1004",1,1,0,1,1,0
"2010","2099_2100",1,1,0,1,1,0
"2011","2100_1005",1,1,0,1,1,0
"2012","2100_1006",1,1,0,1,1,0
"2013","2092_2101",1,1,0,1,1,0
"2014","2101_2102",1,1,0,1,1,0
"2015","2102_1007",1,1,0,1,1,0
"2016","2102_2103",1,1,0,1,1,0
"2017","2103_1008",1,1,0,1,1,0
"2018","2103_1009",1,1,0,1,1,0
"2019","2101_2104",1,1,0,1,1,0
"2020","2104_1010",1,1,0,1,1,0
"2021","2104_1011",1,1,0,1,1,0
"2022","2091_2105",1,1,0,1,1,0
"2023","2105_2106",1,1,0,1,1,0
"2024","2106_2107",1,1,0,1,1,0
"2025","2107_1012",1,1,0,1,1,0
"2026","2107_2108",1,1,0,1,1,0
"2027","2108_2109",1,1,0,1,1,0
"2028","2109_2110",1,1,0,1,1,0
"2029","2110_1013",1,1,0,1,1,0
"2030","2110_1014",1,1,0,1,1,0
"2031","2109_1015",1,1,0,1,1,0
"2032","2108_2111",1,1,0,1,1,0
"2033","2111_2112",1,1,0,1,1,0
"2034","2112_1016",1,1,0,1,1,0
"2035","2112_2113",1,1,0,1,1,0
"2036","2113_1017",1,1,0,1,1,0
"2037","2113_2114",1,1,0,1,1,0
"2038","2114_1018",1,1,0,1,1,0
"2039","2114_1019",1,1,0,1,1,0
"2040","2111_2115",1,1,0,1,1,0
"2041","2115_1020",1,1,0,1,1,0
"2042","2115_1021",1,1,0,1,1,0
"2043","2106_2116",1,1,0,1,1,0
"2044","2116_2117",1,1,0,1,1,0
"2045","2117_2118",1,1,0,1,1,0
"2046","2118_1022",1,1,0,1,1,0
"2047","2118_1023",1,1,0,1,1,0
"2048","2117_2119",1,1,0,1,1,0
"2049","2119_1024",1,1,0,1,1,0
"2050","2119_1025",1,1,0,1,1,0
"2051","2116_2120",1,1,0,1,1,0
"2052","2120_2121",1,1,0,1,0.936,0
"2053","2121_1026",1,0,1,0.936,1,1
"2054","2121_1027",1,1,0,0.936,1,1
"2055","2120_2122",1,1,0,1,1,0
"2056","2122_1028",1,1,0,1,1,0
"2057","2122_2123",1,1,0,1,1,0
"2058","2123_2124",1,1,0,1,1,0
"2059","2124_1029",1,1,0,1,1,0
"2060","2124_2125",1,1,0,1,1,0
"2061","2125_2126",1,1,0,1,1,0
"2062","2126_1030",1,1,0,1,1,0
"2063","2126_1031",1,1,0,1,1,0
"2064","2125_1032",1,1,0,1,1,0
"2065","2123_1033",1,1,0,1,1,0
"2066","2105_2127",1,1,0,1,1,0
"2067","2127_1034",1,1,0,1,1,0
"2068","2127_2128",1,1,0,1,1,0
"2069","2128_2129",1,1,0,1,1,0
"2070","2129_1035",1,1,0,1,1,0
"2071","2129_2130",1,1,0,1,1,0
"2072","2130_2131",1,1,0,1,1,0
"2073","2131_1036",1,1,0,1,1,0
"2074","2131_1037",1,1,0,1,1,0
"2075","2130_1038",1,1,0,1,1,0
"2076","2128_2132",1,1,0,1,1,0
"2077","2132_2133",1,1,0,1,1,0
"2078","2133_1039",1,1,0,1,1,0
"2079","2133_2134",1,1,0,1,1,0
"2080","2134_1040",1,1,0,1,1,0
"2081","2134_2135",1,1,0,1,1,0
"2082","2135_2136",1,1,0,1,1,0
"2083","2136_2137",1,1,0,1,1,0
"2084","2137_1041",1,1,0,1,1,0
"2085","2137_2138",1,1,0,1,1,0
"2086","2138_1042",1,1,0,1,1,0
"2087","2138_2139",1,1,0,1,1,0
"2088","2139_2140",1,1,0,1,1,0
"2089","2140_1043",1,1,0,1,1,0
"2090","2140_1044",1,1,0,1,1,0
"2091","2139_1045",1,1,0,1,1,0
"2092","2136_2141",1,1,0,1,1,0
"2093","2141_2142",1,1,0,1,1,0
"2094","2142_2143",1,1,0,1,1,0
"2095","2143_2144",1,1,0,1,1,0
"2096","2144_1046",1,1,0,1,1,0
"2097","2144_1047",1,1,0,1,1,0
"2098","2143_2145",1,1,0,1,1,0
"2099","2145_1048",1,1,0,1,1,0
"2100","2145_1049",1,1,0,1,1,0
"2101","2142_2146",1,1,0,1,1,0
"2102","2146_1050",1,1,0,1,1,0
"2103","2146_1051",1,1,0,1,1,0
"2104","2141_2147",1,1,0,1,1,0
"2105","2147_1052",1,1,0,1,1,0
"2106","2147_2148",1,1,0,1,1,0
"2107","2148_1053",1,1,0,1,1,0
"2108","2148_1054",1,1,0,1,1,0
"2109","2135_2149",1,1,0,1,1,0
"2110","2149_2150",1,1,0,1,1,0
"2111","2150_2151",1,1,0,1,1,0
"2112","2151_1055",1,1,0,1,1,0
"2113","2151_2152",1,1,0,1,1,0
"2114","2152_1056",1,1,0,1,1,0
"2115","2152_1057",1,1,0,1,1,0
"2116","2150_2153",1,1,0,1,1,0
"2117","2153_2154",1,1,0,1,1,0
"2118","2154_1058",1,1,0,1,1,0
"2119","2154_2155",1,1,0,1,1,0
"2120","2155_1059",1,1,0,1,1,0
"2121","2155_1060",1,1,0,1,1,0
"2122","2153_2156",1,1,0,1,1,0
"2123","2156_2157",1,1,0,1,1,0
"2124","2157_2158",1,1,0,1,1,0
"2125","2158_1061",1,1,0,1,1,0
"2126","2158_2159",1,1,0,1,1,0
"2127","2159_1062",1,1,0,1,1,0
"2128","2159_1063",1,1,0,1,1,0
"2129","2157_2160",1,1,0,1,1,0
"2130","2160_1064",1,1,0,1,1,0
"2131","2160_2161",1,1,0,1,1,0
"2132","2161_2162",1,1,0,1,0.988,0
"2133","2162_1065",1,1,0,0.988,1,1
"2134","2162_1066",1,0,1,0.988,1,1
"2135","2161_1067",1,1,0,1,1,0
"2136","2156_1068",1,1,0,1,1,0
"2137","2149_2163",1,1,0,1,1,0
"2138","2163_1069",1,1,0,1,1,0
"2139","2163_1070",1,1,0,1,1,0
"2140","2132_2164",1,1,0,1,1,0
"2141","2164_2165",1,1,0,1,1,0
"2142","2165_2166",1,1,0,1,1,0
"2143","2166_2167",1,1,0,1,1,0
"2144","2167_1071",1,1,0,1,1,0
"2145","2167_1072",1,1,0,1,1,0
"2146","2166_2168",1,1,0,1,1,0
"2147","2168_1073",1,1,0,1,1,0
"2148","2168_2169",1,1,0,1,1,0
"2149","2169_1074",1,1,0,1,1,0
"2150","2169_1075",1,1,0,1,1,0
"2151","2165_2170",1,1,0,1,1,0
"2152","2170_1076",1,1,0,1,1,0
"2153","2170_1077",1,1,0,1,1,0
"2154","2164_2171",1,1,0,1,1,0
"2155","2171_2172",1,1,0,1,1,0
"2156","2172_1078",1,1,0,1,1,0
"2157","2172_2173",1,1,0,1,1,0
"2158","2173_1079",1,1,0,1,1,0
"2159","2173_1080",1,1,0,1,1,0
"2160","2171_2174",1,1,0,1,1,0
"2161","2174_1081",1,1,0,1,1,0
"2162","2174_2175",1,1,0,1,1,0
"2163","2175_2176",1,1,0,1,1,0
"2164","2176_1082",1,1,0,1,1,0
"2165","2176_1083",1,1,0,1,1,0
"2166","2175_2177",1,1,0,1,1,0
"2167","2177_2178",1,1,0,1,1,0
"2168","2178_2179",1,1,0,1,1,0
"2169","2179_2180",1,1,0,1,1,0
"2170","2180_1084",1,1,0,1,1,0
"2171","2180_1085",1,1,0,1,1,0
"2172","2179_2181",1,1,0,1,1,0
"2173","2181_1086",1,1,0,1,1,0
"2174","2181_1087",1,1,0,1,1,0
"2175","2178_2182",1,1,0,1,1,0
"2176","2182_1088",1,1,0,1,1,0
"2177","2182_1089",1,1,0,1,1,0
"2178","2177_2183",1,1,0,1,1,0
"2179","2183_2184",1,1,0,1,1,0
"2180","2184_1090",1,1,0,1,1,0
"2181","2184_1091",1,1,0,1,1,0
"2182","2183_2185",1,1,0,1,1,0
"2183","2185_1092",1,1,0,1,1,0
"2184","2185_1093",1,1,0,1,1,0
